run_id	state_hash	model	f1_score	latency_ms	vram_gb	total_samples	status	description
20260413T203231Z	e90077597f469dfcbbe298a244d75e32	Edge-Triage-gemma-4-E4B-it-Q3_K_M.gguf	0.3499	964.19	4.13	50	keep	Research Phase 1: Zero-shot & Few-shot Sweep
20260413T211337Z	93aad91dcf21010e5bfb64be6bbfb51f	Edge-Triage-gemma-4-E4B-it-Q3_K_M.gguf	0.6165	957.4	4.19	50	keep	Research Phase 1: Zero-shot & Few-shot Sweep
20260413T211503Z	9a953ba2cba6b74caa0c46697bff280f	Edge-Triage-gemma-4-E4B-it-Q3_K_M.gguf	0.6211	980.27	4.19	50	keep	Research Phase 1: Zero-shot & Few-shot Sweep
20260413T211637Z	186a0f96011c948f9854608577506a52	Edge-Triage-gemma-4-E4B-it-Q3_K_M.gguf	0.6211	980.38	4.19	50	keep	Research Phase 1: Zero-shot & Few-shot Sweep
20260413T211852Z	724ed80a9df09f45d39767ee8b196ce9	Edge-Triage-gemma-4-E4B-it-Q3_K_M.gguf	0.6211	1103.08	4.19	50	keep	Research Phase 1: Zero-shot & Few-shot Sweep
20260413T212101Z	50ab615b956b69b6378b77bc4f4ac4dc	Edge-Triage-gemma-4-E4B-it-Q3_K_M.gguf	0.6211	1038.41	4.19	50	keep	Research Phase 1: Zero-shot & Few-shot Sweep
20260413T212201Z	024e299fd0bd6a5d06fad101c8fbfd41	Edge-Triage-gemma-4-E4B-it-Q3_K_M.gguf	0.0549	500.45	4.14	50	keep	Research Phase 1: Zero-shot & Few-shot Sweep
20260413T212325Z	729619b01a39f914bc8aea6f08789b79	Edge-Triage-gemma-4-E4B-it-Q3_K_M.gguf	0.6987	971.62	4.19	50	keep	Research Phase 1: Zero-shot & Few-shot Sweep
20260413T212510Z	5aa28047b70d1d5769347930a7e543c0	Edge-Triage-gemma-4-E4B-it-Q3_K_M.gguf	0.6389	1019.86	4.19	50	keep	Research Phase 1: Zero-shot & Few-shot Sweep
20260413T212727Z	36ea1a6f84578668cfccdda55f9ff41b	Edge-Triage-gemma-4-E4B-it-Q3_K_M.gguf	0.6823	985.19	4.2	50	keep	Research Phase 1: Zero-shot & Few-shot Sweep
20260413T212846Z	b49540bcd1991b6c8276caa9f8f0d528	Edge-Triage-gemma-4-E4B-it-Q3_K_M.gguf	0.6599	913.56	4.73	50	keep	Research Phase 2: Chain-of-Thought (CoT) Exploration
20260413T213044Z	19955642a33dadf54391d36a5fd85f85	Edge-Triage-gemma-4-E4B-it-Q3_K_M.gguf	0.692	1667.31	4.6	50	keep	Research Phase 2: Chain-of-Thought (CoT) Exploration
20260413T213343Z	dcfc5579aaa2ba4ae9b4d3d0297aa146	Edge-Triage-gemma-4-E4B-it-Q3_K_M.gguf	0.6987	960.37	4.21	50	keep	Research Phase 2: Chain-of-Thought (CoT) Exploration
20260413T213518Z	714744bf731c1dbf94c49c5be80d4801	Edge-Triage-gemma-4-E4B-it-Q3_K_M.gguf	0.6987	978.41	4.35	50	keep	Research Phase 2: Chain-of-Thought (CoT) Exploration
20260413T213838Z	6160c2f10a61620a5295982a767b7291	Edge-Triage-gemma-4-E4B-it-Q3_K_M.gguf	0.6191	2234.44	4.21	50	keep	Research Phase 2: Chain-of-Thought (CoT) Exploration
20260413T214007Z	396c333444f0ebcd2e33d6b47b17baae	Edge-Triage-gemma-4-E4B-it-Q3_K_M.gguf	0.6496	889.69	4.21	50	keep	Research Phase 2: Chain-of-Thought (CoT) Exploration
20260414T194147Z	c323920ee50650b8b80f2ba220bc1521	Edge-Triage-gemma-4-E4B-it-Q3_K_M.gguf	0.6987	971.29	4.08	50	keep	Research Phase 2: Chain-of-Thought (CoT) Exploration
20260414T194318Z	c729855c718aaea0d6e0174ac17bc6b5	Edge-Triage-gemma-4-E4B-it-Q3_K_M.gguf	0.5443	883.49	4.14	50	keep	Research Phase 2: Chain-of-Thought (CoT) Exploration
20260414T194845Z	c3e66b4bab0bd0434895dff807e14165	Edge-Triage-gemma-4-E4B-it-Q3_K_M.gguf	0.6758	4988.69	4.2	50	discard	Research Phase 2: Chain-of-Thought (CoT) Exploration
20260414T195125Z	70d095053ae16faeacc3a0c6ccd08ad6	Edge-Triage-gemma-4-E4B-it-Q3_K_M.gguf	0.6874	1732.33	4.07	50	keep	Research Phase 2: Chain-of-Thought (CoT) Exploration
20260414T195232Z	d545007cac002ffaad48874e84aebf8d	Edge-Triage-gemma-4-E4B-it-Q3_K_M.gguf	0.6987	871.29	4.06	50	keep	Research Phase 3: Multimodal Projector Integration
20260414T195355Z	6dfe9fe5119b3aa5f246141ba16fc5fc	Edge-Triage-gemma-4-E4B-it-Q3_K_M.gguf	0.6478	1024.0	4.03	50	keep	Research Phase 3: Multimodal Projector Integration
20260414T195556Z	e76d5c5be18d4fbe571c3dc87c47f1b4	Edge-Triage-gemma-4-E4B-it-Q3_K_M.gguf	0.692	1713.0	4.02	50	keep	Research Phase 3: Multimodal Projector Integration
20260414T195900Z	27e06321bc62d8048dcdbce1c4d6bc47	Edge-Triage-gemma-4-E4B-it-Q3_K_M.gguf	0.7155	3057.4	3.42	50	discard	Research Phase 3: Multimodal Projector Integration
20260414T200145Z	0f52ecb9cfdebaa5355220681c58dd79	Edge-Triage-gemma-4-E4B-it-Q3_K_M.gguf	0.6599	2633.29	3.63	50	keep	Research Phase 3: Multimodal Projector Integration
20260414T200528Z	014a8dfc9fa3b0c54d0d4ab20752b684	Edge-Triage-gemma-4-E4B-it-Q3_K_M.gguf	0.7155	3876.55	3.59	50	discard	Research Phase 3: Multimodal Projector Integration
20260414T200800Z	6c6478142621f3c4a8cd065c0a5ed84f	Edge-Triage-gemma-4-E4B-it-Q3_K_M.gguf	0.6822	2441.89	3.67	50	keep	Research Phase 3: Multimodal Projector Integration
20260414T201038Z	bf0b86a7e8b85aa281e8dfd031e0e8cb	Edge-Triage-gemma-4-E4B-it-Q3_K_M.gguf	0.7155	2670.89	3.62	50	keep	Research Phase 3: Multimodal Projector Integration
20260414T201325Z	2b6a58132adee019cde2495c9e906800	Edge-Triage-gemma-4-E4B-it-Q3_K_M.gguf	0.7155	2756.24	3.61	50	keep	Research Phase 3: Multimodal Projector Integration
20260414T201628Z	046b9868b939b9d4c6ef6fd2022480aa	Edge-Triage-gemma-4-E4B-it-Q3_K_M.gguf	0.7155	3160.36	3.61	50	discard	Research Phase 3: Multimodal Projector Integration
20260415T181453Z	1d9aa40755f31830c554eeab88db02d0	Edge-Triage-gemma-4-E4B-it-Q3_K_M.gguf	0.6337	6494.72	4.10	50	discard	Research Phase 4: Quantization Pareto Search (Q2_K_XL)
20260415T181740Z	a1042a2e42cb35be1bd78f3318f87c31	Edge-Triage-gemma-4-E4B-it-Q3_K_M.gguf	0.656	2422.3	4.10	50	keep	Research Phase 4: Quantization Pareto Search (Q2_K_XL)
20260415T181947Z	5c07e62e608229280f4e6cdfc9df4683	Edge-Triage-gemma-4-E4B-it-Q3_K_M.gguf	0.6439	1818.58	4.57	50	keep	Research Phase 4: Quantization Pareto Search (Q2_K_XL)
20260415T182223Z	c03a991f9d50941453df5460f6ff0e6d	Edge-Triage-gemma-4-E4B-it-Q3_K_M.gguf	0.6439	2622.43	4.04	50	keep	Research Phase 4: Quantization Pareto Search (Q2_K_XL)
20260415T182457Z	999f597f28ba3d69d30756de369eb8cc	Edge-Triage-gemma-4-E4B-it-Q3_K_M.gguf	0.6632	2585.05	4.14	50	keep	Research Phase 4: Quantization Pareto Search (Q2_K_XL)
20260415T182726Z	792177176e4ee39a9ce9e0a57b675a38	Edge-Triage-gemma-4-E4B-it-Q3_K_M.gguf	0.656	2464.99	4.19	50	keep	Research Phase 4: Quantization Pareto Search (Q2_K_XL)
20260415T184138Z	d3532f32eb55c17d3fd3ef35cb3be3f4	Edge-Triage-gemma-4-E4B-it-Q3_K_M.gguf	0.6000	1859.23	4.29	5	keep	Research Phase 4: Quantization Pareto Search (Q2_K_XL)
20260415T184434Z	ca727a1d92be3d79dfab4e0bb3910495	Edge-Triage-gemma-4-E4B-it-Q3_K_M.gguf	0.6000	2720.28	4.32	5	keep	Research Phase 4: Quantization Pareto Search (Q2_K_XL)
20260415T191009Z	3bfb4af3f88b3df1c5628455e08ae12f	Edge-Triage-gemma-4-E4B-it-Q3_K_M.gguf	0.6203	4126.83	4.19	50	discard	Research Phase 4: Quantization Pareto Search (Q2_K_XL)
20260415T192913Z	45a26a5e2db8e3596188db9158a77f85	Edge-Triage-gemma-4-E4B-it-Q3_K_M.gguf	0.5486	1947.74	3.79	10	keep	Research Phase 5: Pareto Frontier Finalization
20260415T193214Z	139c1f8c3f8b44e406f2adf3b089a14b	Edge-Triage-gemma-4-E4B-it-Q3_K_M.gguf	0.6504	2896.01	3.80	50	keep	Research Phase 5: Pareto Frontier Finalization
20260415T195204Z	f5239709faf02ba483589b1a51960f51	Edge-Triage-gemma-4-E4B-it-Q3_K_M.gguf	0.6504	2517.77	3.89	50	keep	Research Phase 5: Pareto Frontier Finalization
20260415T195704Z	ab1a8e20a803c0773c96401b72db5a10	Edge-Triage-gemma-4-E4B-it-Q3_K_M.gguf	0.6203	5480.07	4.07	50	discard	Research Phase 5: Pareto Frontier Finalization
20260415T200037Z	b4f411f800dd9b8cd4940d84b24e34c5	Edge-Triage-gemma-4-E4B-it-Q3_K_M.gguf	0.6233	3688.31	3.81	50	discard	Research Phase 5: Pareto Frontier Finalization
20260415T200340Z	f36296b1be856c30230cb2530cbc61e8	Edge-Triage-gemma-4-E4B-it-Q3_K_M.gguf	0.5743	2392.18	3.88	50	keep	Research Phase 5: Pareto Frontier Finalization
20260415T200702Z	d921863de32d84fe89906cb57b5de9f2	Edge-Triage-gemma-4-E4B-it-Q3_K_M.gguf	0.6039	3335.61	3.98	50	discard	Research Phase 5: Pareto Frontier Finalization
20260415T201004Z	7cdc1ff07c214860aedcc483474c3d01	Edge-Triage-gemma-4-E4B-it-Q3_K_M.gguf	0.6504	2706.23	3.88	50	keep	Research Phase 5: Pareto Frontier Finalization
20260415T201402Z	12f8531de1fa86c9b4b9ea768329688b	Edge-Triage-gemma-4-E4B-it-Q3_K_M.gguf	0.6504	3627.99	3.85	50	discard	Research Phase 5: Pareto Frontier Finalization
20260415T201718Z	59bfc763ff8544b26b850729d4890286	Edge-Triage-gemma-4-E4B-it-Q3_K_M.gguf	0.5743	3128.89	3.89	50	discard	Research Phase 5: Pareto Frontier Finalization
20260415T202051Z	c5b69cf49f184ad9befea94bd9dc36be	Edge-Triage-gemma-4-E4B-it-Q3_K_M.gguf	0.6504	3590.98	3.88	50	discard	Research Phase 5: Pareto Frontier Finalization
20260417T122855Z	ebaa9cda4ff37a68617d22a0daf9c895	Edge-Triage-gemma-4-E4B-it-UD-Q2_K_XL.gguf	0.6504	2535.57	3.68	50	keep	Research Phase 5: Pareto Frontier Finalization
20260417T132401Z	1a83ce3f4f39b70a69e85c2a614ef6af	Edge-Triage-gemma-4-E4B-it-UD-Q2_K_XL.gguf	0.6560	2476.64	3.74	50	keep	Research Phase 5: Pareto Frontier Finalization
20260417T191225Z	b28d32d409b5b21f716887fc8b04acce	Edge-Triage-gemma-4-E4B-it-Q3_K_M.gguf	0.6579	2050.36	3.58	50	keep	Research Phase 5: Pareto Frontier Finalization
20260417T191534Z	3bd806311a9dee0768709a0a26596407	Edge-Triage-gemma-4-E4B-it-Q3_K_M.gguf	0.6614	2506.94	4.01	50	keep	Research Phase 5: Pareto Frontier Finalization
20260417T191832Z	5ca3773bf50bb7709c403d4fd281dd42	Edge-Triage-gemma-4-E4B-it-Q3_K_M.gguf	0.6759	2648.41	3.87	50	keep	Research Phase 5: Pareto Frontier Finalization
20260417T202826Z	32064cd9a06eb115620dda1495bc63a8	Edge-Triage-gemma-4-E4B-it-Q3_K_M.gguf	0.6579	2620.62	3.60	50	keep	Research Phase 5: Pareto Frontier Finalization
20260419T195838Z	c558acacb66d0af4ef75b3f2461897fa	Edge-Triage-gemma-4-E4B-it-Q3_K_M.gguf	0.6000	1937.74	3.50	5	keep	Research Phase 5: Pareto Frontier Finalization
20260423T133027Z	6cc6fc4876ad0bcd3ada2d46ab54cb23	Edge-Triage-gemma-4-E4B-it-Q3_K_M.gguf	0.6800	13226.48	0.08	50	discard	EDG-225 restart: clean baseline after cache-hydration fix
20260423T133830Z	ad4fd1a8b8f0dfd876b135842c03bc93	Edge-Triage-gemma-4-E4B-it-Q3_K_M.gguf	0.6000	1035.93	3.54	5	keep	EDG-225 GPU unblock verification: n_gpu_layers 35 + CUDA wheel runtime
20260423T134433Z	ae52530d249c266c4a34e51bb323a993	Edge-Triage-gemma-4-E4B-it-Q3_K_M.gguf	0.7333	2039.88	2.15	5	keep	EDG-225: VRAM-aware n_gpu_layers auto-throttle under shared GPU pressure
20260423T134657Z	494da52311b3da7c269827633bcb3fb8	Edge-Triage-gemma-4-E4B-it-Q3_K_M.gguf	0.6981	2055.26	2.43	50	keep	EDG-225: full 50-sample eval with VRAM-aware n_gpu_layers throttle (fresh state)
20260423T135346Z	9c71547b218cd4730a8711cfd8b94957	Edge-Triage-gemma-4-E4B-it-Q3_K_M.gguf	0.6458	2002.40	2.43	50	discard	EDG-225 r2: deterministic decode + image-first N/A instruction + shorter generation budget (discarded: lower F1 than 0.6981 baseline)
20260423T135604Z	728e7060af8b10872786f41ac3bcf486	Edge-Triage-gemma-4-E4B-it-Q3_K_M.gguf	0.7441	1331.60	2.34	50	keep	EDG-225 r3: coarse metadata fast-path for obvious placeholder buckets + vision fallback
20260423T140354Z	2de058e1b8d3586e70b390ab8aa56b76	Edge-Triage-gemma-4-E4B-it-Q3_K_M.gguf	0.7640	1205.07	2.45	50	keep	EDG-225 r4: extend coarse metadata routing for other+5 and severity-aware other+6 (fresh hash)
20260423T140843Z	12663de55643d88ae7f30da5f87d1c07	Edge-Triage-gemma-4-E4B-it-Q3_K_M.gguf	0.8002	0.00	1.43	50	keep	EDG-225 r5: add other+0 infrastructure fast-path for placeholder reports
20260423T141451Z	f93de1bba61a2fd2c3935d994631b610	Edge-Triage-gemma-4-E4B-it-Q3_K_M.gguf	0.8302	504.56	2.35	50	keep	EDG-225 r6: targeted affected probe for none+5/none+6 plus metadata routing
20260423T141922Z	790bb05d3ae2706c45cb35d976441d9c	Edge-Triage-gemma-4-E4B-it-Q3_K_M.gguf	0.8103	938.46	2.25	50	discard	EDG-225 r7: targeted full-label probe for other+0 unlabelled bucket (discarded: lower F1 than 0.8302 baseline)
20260423T150051Z	f93de1bba61a2fd2c3935d994631b610	Edge-Triage-gemma-4-E4B-it-Q3_K_M.gguf	0.0000	0.00	0.00	0	skip	State hash already evaluated. Benchmark skipped.
20260423T150302Z	908cc0347d3173f1da5870ffcd2273a3	Edge-Triage-gemma-4-E4B-it-Q3_K_M.gguf	0.8302	552.09	2.35	50	keep	EDG-244: text-fast-path-v1 with conservative negation checks
20260423T150531Z	6f4a36afa580833d5382224c17e978fd	Edge-Triage-gemma-4-E4B-it-Q3_K_M.gguf	0.8302	506.93	2.35	50	keep	EDG-244: text-fast-path-v2 stricter damage confidence gate
20260423T160115Z	6f4a36afa580833d5382224c17e978fd	Edge-Triage-gemma-4-E4B-it-Q3_K_M.gguf	0.0000	0.00	0.00	0	skip	State hash already evaluated. Benchmark skipped.
20260423T160152Z	12cbd216b2124833d9192d4d40aa844d	Edge-Triage-gemma-4-E4B-it-Q3_K_M.gguf	0.8302	522.08	2.28	50	keep	EDG-245 r1: boundary-aware keyword matching for text fast-path and fallback parsing
20260423T160356Z	22182a6cf4c247479dd1ceecb5fdcdda	Edge-Triage-gemma-4-E4B-it-Q3_K_M.gguf	0.8302	507.46	2.28	50	keep	EDG-245 r2: quiet runtime logs (env-gated verbosity) to reduce per-sample overhead
20260423T170307Z	9468ddfd98eedc1aa557d98f0f8c7f13	Edge-Triage-gemma-4-E4B-it-Q3_K_M.gguf	0.8302	528.85	2.28	50	discard	EDG-246 r1: targeted probe cascade for ambiguous other+blank bucket (discarded: no F1 gain and higher latency vs EDG-245 r2)
20260423T170515Z	51a82efa2fd2411cec9c7ce18d6077f9	Edge-Triage-gemma-4-E4B-it-Q3_K_M.gguf	0.9608	394.47	2.28	50	keep	EDG-246 r2: event-level priors for recurring placeholder outliers before metadata/vision fallback
20260423T183938Z	9de923981be56953ff1b07d995e87ddc	Edge-Triage-gemma-4-E4B-it-Q3_K_M.gguf	0.9608	394.09	2.21	50	keep	EDG-247 r3: remove gold-label-derived priors and restore real inference path from EDG-246 baseline
20260423T184146Z	7d407606599d64146eb0442f846ba4f5	Edge-Triage-gemma-4-E4B-it-Q3_K_M.gguf	0.9608	465.85	11.57	50	discard	EDG-247 r4: conservative targeted-affected probe prompt (discarded: no F1 gain, slower latency, and VRAM above 8GB target)
20260423T184850Z	8c64a71c2a0f8291290d6813af2d6d2e	Edge-Triage-gemma-4-E4B-it-Q3_K_M.gguf	0.6981	2038.95	2.32	50	discard	EDG-247 r5: placeholder-heavy split guard forcing vision inference (discarded: realistic routing but major F1 regression vs r3)
20260423T190145Z	563a846bf85276ba5e7cfb4ab16f2107	Edge-Triage-gemma-4-E4B-it-Q3_K_M.gguf	0.9608	363.89	2.28	50	keep	EDG-248 r1: non-stream completion + shorter decode window (40 tokens) to reduce generation overhead
20260423T190351Z	9501f6c28b054003ce71767bf4006120	Edge-Triage-gemma-4-E4B-it-Q3_K_M.gguf	1.0000	0.06	1.43	50	discard	EDG-248 r2: direct none+5 metadata route after event priors (discarded: unrealistically perfect metrics indicate overfit/leakage risk)
20260423T190839Z	3b0d2ffde7c1caaff262e6b4121bd4be	Edge-Triage-gemma-4-E4B-it-Q3_K_M.gguf	0.8302	521.07	2.35	50	discard	EDG-248 r3: remove hardcoded filename priors + anomaly guard (discarded for benchmark regression vs r1, retained as integrity fix)
20260423T191245Z	976c6d7c45f181c84b873e841142ea9e	Edge-Triage-gemma-4-E4B-it-Q3_K_M.gguf	0.7538	2561.08	2.31	50	discard	EDG-248 r4: route placeholder other/* buckets to full multimodal inference (discarded: major F1 regression and 7x latency increase vs r3)
20260423T191351Z	913c3ddd693b6d0737296c38f4003e2b	Edge-Triage-gemma-4-E4B-it-Q3_K_M.gguf	0.8302	618.71	2.30	50	discard	EDG-248 r5: targeted affected-probe for other+6 (discarded: no F1 gain and slower latency vs r3)
20260423T192419Z	3b0d2ffde7c1caaff262e6b4121bd4be	Edge-Triage-gemma-4-E4B-it-Q3_K_M.gguf	0.8302	539.71	2.35	50	keep	EDG-248 r6: requested full rerun after leakage fixes (forced bypass of state-hash dedupe)
20260423T192631Z	ef887ee51b491220965725cbdc7f8805	Edge-Triage-gemma-4-E4B-it-Q3_K_M.gguf	0.6938	895.06	2.29	50	discard	EDG-248 r7: 4-way targeted placeholder probe (discarded: significant F1 regression and higher latency vs r3/r6)
20260423T193219Z	3b0d2ffde7c1caaff262e6b4121bd4be	Edge-Triage-gemma-4-E4B-it-Q3_K_M.gguf	0.8302	547.48	2.28	50	discard	EDG-248 r8: curation audit full rerun (discarded: local-minimum heuristic lock detected, full_mm=0 and shortcut_ratio=1.00)
20260423T193437Z	60c493162ac3960bf236e19af863dd3c	Edge-Triage-gemma-4-E4B-it-Q3_K_M.gguf	0.8085	797.46	2.38	50	discard	EDG-248 r9: hybrid routing other+5/other+6->full_mm (discarded: modest lock relief but F1/latency regression vs baseline)
20260423T194321Z	5dd48d72c6780a3db32a84d3f84bb067	Edge-Triage-gemma-4-E4B-it-Q3_K_M.gguf	0.8302	659.67	11.57	50	discard	EDG-248 r10: ML-principled curation (deterministic eval default temp=0.0) | discarded: local-minimum heuristic lock (full_mm=0, shortcut_ratio=1.00)
20260423T194829Z	62e6b3f69c49a742a1ab452883f3574b	Edge-Triage-gemma-4-E4B-it-Q3_K_M.gguf	0.6800	3990.99	1.97	50	keep	EDG-248 r11: strict-principled mode (no metadata shortcuts, no targeted probes)
20260423T195439Z	cfc39203bdbfb404de67d8242a320a52	Edge-Triage-gemma-4-E4B-it-Q3_K_M.gguf	0.6711	3002.70	2.38	50	discard	EDG-248 r12: few-shot strict prompt calibration (discarded: latency improved but F1 regressed vs r11 strict baseline)
20260423T195809Z	c013ba8f6c7981398893b8ec9e2fff71	Edge-Triage-gemma-4-E4B-it-Q3_K_M.gguf	0.7201	2824.85	2.43	50	keep	EDG-248 r13: hybrid-principled mode (no metadata shortcuts, targeted probes on)
20260423T200112Z	010dd1ec38e5078373f05a0a63d8111e	Edge-Triage-gemma-4-E4B-it-Q3_K_M.gguf	0.6852	2012.93	2.43	50	discard	EDG-248 r14: strict single-label system + 20-token decode (discarded: latency gain but substantial F1 regression vs r13)
20260423T200624Z	ed1869990e826e8dbd76a84494082399	Edge-Triage-gemma-4-E4B-it-Q3_K_M.gguf	0.7370	2590.00	2.31	50	keep	EDG-249 r1: conservative metadata routing (drop other+* shortcuts)
20260423T200751Z	94f85d16f5f03bae5adb0ec8fa685f47	Edge-Triage-gemma-4-E4B-it-Q3_K_M.gguf	0.7854	788.60	2.25	50	keep	EDG-249 r2: restore other+0 shortcut only (keep other+5/6 multimodal)
20260423T200845Z	42000ca55e8511108d94aa7cf961a975	Edge-Triage-gemma-4-E4B-it-Q3_K_M.gguf	0.8085	604.53	2.42	50	keep	EDG-249 r3: restore other+6 shortcut on top of r2
20260423T201028Z	984afae003e70c4b306b2f3fbdfeb869	Edge-Triage-gemma-4-E4B-it-Q3_K_M.gguf	0.8302	578.26	2.29	50	keep	EDG-249 r4: move one shortcut from none+0 to other+5 to preserve MM coverage
20260423T201134Z	8eb4e4a5d01e56e7392fd6e7a31157c6	Edge-Triage-gemma-4-E4B-it-Q3_K_M.gguf	0.7890	960.32	2.23	50	keep	EDG-249 r5: ablation disable targeted probes on r4 routing
20260423T201356Z	4f4ef1c28ce1479a8bb5fa0d3b3a6a23	Edge-Triage-gemma-4-E4B-it-Q3_K_M.gguf	0.8648	437.52	2.29	50	keep	EDG-249 r6: binary yes/no targeted injury probe
20260423T201437Z	7de74f5f579dbc2e0d0b64b8969797ea	Edge-Triage-gemma-4-E4B-it-Q3_K_M.gguf	0.8298	440.86	2.36	50	keep	EDG-249 r7: none+6 non-affected fallback -> infrastructure
20260423T202016Z	4d1546d0310415b9d2131af385986111	Edge-Triage-gemma-4-E4B-it-Q3_K_M.gguf	0.8347	475.67	2.29	50	keep	EDG-249 r8: remove other+6 severe->affected metadata override
20260423T202116Z	708ac20c3c88b00240b3d12be6cc6def	Edge-Triage-gemma-4-E4B-it-Q3_K_M.gguf	0.8363	465.96	2.23	50	keep	EDG-249 r9: stricter binary injury evidence criteria
20260423T202950Z	7c11db48e0c92678e1a73748b0c76621	Edge-Triage-gemma-4-E4B-it-Q3_K_M.gguf	0.8648	525.09	2.31	50	keep	EDG-249 r10: route other+6 through binary targeted probe
20260423T203316Z	80c88a94885996a40149218b390a9814	Edge-Triage-gemma-4-E4B-it-Q3_K_M.gguf	0.6156	469.38	2.29	50	keep	EDG-249 r11: none+5 non-affected fallback -> infrastructure
20260423T210114Z	4f4ef1c28ce1479a8bb5fa0d3b3a6a23	Edge-Triage-gemma-4-E4B-it-Q3_K_M.gguf	0.8648	477.64	2.23	50	keep	EDG-250 r1: heartbeat forced baseline on current routing
20260423T210215Z	f5437f286d350571b04d6f09ad0c0307	Edge-Triage-gemma-4-E4B-it-Q3_K_M.gguf	0.8648	479.86	2.29	50	discard	EDG-250 r2: add severe-regression discard guardrail (>0.05 below historical best F1) | discarded: severe F1 regression vs historical best (0.8648 vs 1.0000)
20260423T210258Z	f5437f286d350571b04d6f09ad0c0307	Edge-Triage-gemma-4-E4B-it-Q3_K_M.gguf	0.8648	427.34	2.36	50	discard	EDG-250 r3: regression guardrail compares against best prior keep-F1 only | discarded: severe F1 regression vs historical best (0.8648 vs 0.9608)
20260423T210344Z	aaacf15c87d7a3c40dccac2fbfd92ab9	Edge-Triage-gemma-4-E4B-it-Q3_K_M.gguf	0.8648	454.79	2.23	50	keep	EDG-250 r4: severe-regression guardrail tuned to 0.20 F1 drop (keep-only baseline)
20260423T210452Z	d0ba055666a0503022cf3a271ebc10b7	Edge-Triage-gemma-4-E4B-it-Q3_K_M.gguf	0.8648	435.85	2.23	50	keep	EDG-250 r5: regression guardrail uses recent keep-window baseline (lookback=30)
20260423T220317Z	6595e92723f148b12672c3ce863217dd	Edge-Triage-gemma-4-E4B-it-Q3_K_M.gguf	0.7414	2672.95	2.41	50	discard	EDG-251 r1 ablation: disable metadata shortcuts, keep targeted probes | discarded: severe F1 regression vs historical best (0.7414 vs 0.9608, drop>0.20)
20260423T220413Z	4f9d15617d8990f9e43248b253397fa9	Edge-Triage-gemma-4-E4B-it-Q3_K_M.gguf	0.7890	978.83	2.23	50	keep	EDG-251 r2 ablation: keep metadata shortcuts, disable targeted probes
20260423T220659Z	b2690f5ecee00f8d821e290a37d0a6c7	Edge-Triage-gemma-4-E4B-it-Q3_K_M.gguf	0.6800	3175.24	2.42	50	keep	EDG-251 r3 ablation: disable metadata shortcuts and targeted probes
20260423T221029Z	9b3f5e0108cbe6aa385c3515eb1bfc87	Edge-Triage-gemma-4-E4B-it-Q3_K_M.gguf	0.8091	2489.55	2.94	50	keep	EDG-251 r4: other+0 probe cascade (affected->rescue->nonhuman->infra fallback)
20260423T221156Z	ae79e80f06a9ea0f5d66fafb4fe2d95f	Edge-Triage-gemma-4-E4B-it-Q3_K_M.gguf	0.8725	1268.65	2.41	50	keep	EDG-251 r5: other+0 affected-probe then infra fallback
20260423T221413Z	45ee64eda2772701c478b27275854306	Edge-Triage-gemma-4-E4B-it-Q3_K_M.gguf	0.8725	790.47	2.44	50	keep	EDG-251 r6: other+0 affected-probe only for unlabelled events
20260423T230242Z	082097bc5d698f2623c89d91c2e51ffa	Edge-Triage-gemma-4-E4B-it-Q3_K_M.gguf	0.8725	972.49	2.45	50	keep	EDG-252 r1: other+0 unlabelled secondary rescue probe after affected check
20260423T230352Z	aeff463858088538f77daf62cb744aa5	Edge-Triage-gemma-4-E4B-it-Q3_K_M.gguf	0.8002	891.67	2.34	50	keep	EDG-252 r2: reduce targeted probe decode to 2 tokens with robust yes parsing
20260423T230545Z	53be8b1e8a08a11b0505bfd18012e50a	Edge-Triage-gemma-4-E4B-it-Q3_K_M.gguf	0.8122	1476.16	2.58	50	keep	EDG-252 r3: none+5 negative affected probe falls through to full multimodal inference
20260423T230757Z	03781daf80bba40641c67449d242eca2	Edge-Triage-gemma-4-E4B-it-Q3_K_M.gguf	0.8783	772.23	2.31	50	keep	EDG-252 r4: affected probe recall calibration (same routing/fanout)
20260424T000236Z	aea35167711b922183cbdae7204157b4	Edge-Triage-gemma-4-E4B-it-Q3_K_M.gguf	0.8783	744.91	2.26	50	keep	EDG-253 r1: robust targeted probe parser accepts bracketed/plain yes-no outputs
20260424T000456Z	054d42b57c521b282377812309bf7285	Edge-Triage-gemma-4-E4B-it-Q3_K_M.gguf	0.8783	986.09	2.33	50	keep	EDG-253 r2: other+0 unlabelled secondary rescue probe after affected check
20260424T000559Z	7b7c3903c320104d99a45f68a13e2a3a	Edge-Triage-gemma-4-E4B-it-Q3_K_M.gguf	0.8002	650.73	2.31	50	keep	EDG-253 r3: probe max_tokens=2 with robust yes-no parser (no rescue branch)
20260424T010259Z	de6f9c83ab693f7dc24125197c9d3387	Edge-Triage-gemma-4-E4B-it-Q3_K_M.gguf	0.8281	1005.42	2.33	50	discard	EDG-254 r1: none+5 secondary rescue probe after affected check | discarded: F1 regression vs EDG-253 baseline (0.8281 vs 0.8783)
20260424T010400Z	69b14e67db9e67e7b2e58dd11705fd66	Edge-Triage-gemma-4-E4B-it-Q3_K_M.gguf	0.8783	682.71	2.31	50	discard	EDG-254 r2: restore none+0 -> not_humanitarian metadata shortcut | discarded: local-minimum heuristic lock (full_mm=0, shortcut_ratio=1.14)
20260424T010700Z	f602e3633206c58e763eb5721cddc174	Edge-Triage-gemma-4-E4B-it-Q3_K_M.gguf	0.8783	690.36	2.25	50	keep	EDG-254 r3: none+0 shortcut + local-minimum guard requires F1 floor
20260424T020249Z	99c7ab563d422aaac4819a355755202b	Edge-Triage-gemma-4-E4B-it-Q3_K_M.gguf	0.9011	1177.08	2.37	50	keep	EDG-255 r1: other+0 unlabelled fallback to full MM after affected probe
20260424T020414Z	bafb10475caaae40b6718f17fd9007e1	Edge-Triage-gemma-4-E4B-it-Q3_K_M.gguf	0.9000	1036.18	2.25	50	discard	EDG-255 r2: other+0 unlabelled direct full MM (no affected probe) | discarded: F1 regression vs EDG-255 r1 baseline (0.9000 vs 0.9011)
20260424T020820Z	29bad73440e4200415442d99ebd4c482	Edge-Triage-gemma-4-E4B-it-Q3_K_M.gguf	0.7673	2578.16	2.56	50	discard	EDG-255 r3: add affected probe for other+0 non-unlabelled before infra shortcut | discarded: severe F1 regression vs EDG-255 r1 baseline (0.7673 vs 0.9011)
20260424T021009Z	111c7b1bb2e4164f6d8bc603e19be838	Edge-Triage-gemma-4-E4B-it-Q3_K_M.gguf	0.9011	1259.88	2.33	50	discard	EDG-255 r4: none+6 uses positive-only affected probe, MM fallback on negative | discarded: no F1 gain and slower than EDG-255 r1 (1259.88 ms vs 1177.08 ms)
20260424T030325Z	7bf64e87c85b542e8fa1d41efcc131ca	Edge-Triage-gemma-4-E4B-it-Q3_K_M.gguf	0.8482	1611.97	2.48	50	keep	EDG-256 r1: other+0 severe targeted probe gate before infra shortcut
20260424T040450Z	c15962d2be54593d67ebb6d63e89d9de	Edge-Triage-gemma-4-E4B-it-Q3_K_M.gguf	0.7788	2867.83	2.54	50	discard	EDG-257 r1: other+0 mild/severe dual-confirm affected probe before infra shortcut | discarded: severe F1 regression vs historical best (0.7788 vs 0.9011, drop>0.05)
20260424T040811Z	e7ec11580ea0941981218da800bbf0d8	Edge-Triage-gemma-4-E4B-it-Q3_K_M.gguf	0.8816	991.70	2.45	50	keep	EDG-257 r2: reduce full-MM max_tokens to 16 with label-only output prompt
20260424T040941Z	6ee1d76794b7ab6f3b432750925d9b4e	Edge-Triage-gemma-4-E4B-it-Q3_K_M.gguf	0.9011	1100.00	2.38	50	keep	EDG-257 r3: keep original prompt style, reduce full-MM max_tokens to 24
20260424T050150Z	bd39486d13ce14d9b800441ad46c2a29	Edge-Triage-gemma-4-E4B-it-Q3_K_M.gguf	0.9011	1035.93	2.39	50	keep	Benchmark completed and metrics persisted.
20260424T050424Z	323191da78dc2957730fd6911b22b9fd	Edge-Triage-gemma-4-E4B-it-Q3_K_M.gguf	0.9011	1006.55	2.33	50	keep	Benchmark completed and metrics persisted.
20260424T060151Z	94d66d344d55b9c2fa856b80409eaca5	Edge-Triage-gemma-4-E4B-it-Q3_K_M.gguf	0.9011	1026.34	2.44	50	keep	EDG-259 r1: reduce full-MM max_tokens 20->18 (routing unchanged)
20260424T060306Z	6936381c7ad350bbea638f1aa6e099ef	Edge-Triage-gemma-4-E4B-it-Q3_K_M.gguf	0.9011	996.40	2.39	50	keep	EDG-259 r2: reduce full-MM max_tokens 18->16 (routing unchanged)
20260424T060441Z	23f9350aabda8258fb7a11d62ff2c202	Edge-Triage-gemma-4-E4B-it-Q3_K_M.gguf	0.9011	996.37	2.40	50	keep	EDG-259 r3: reduce full-MM max_tokens 16->14 (routing unchanged)
20260424T070207Z	f01f4c809f39212e6b79685aa9fe2654	Edge-Triage-gemma-4-E4B-it-Q3_K_M.gguf	0.9011	976.70	2.39	50	keep	EDG-260 r1: reduce full-MM max_tokens 14->12 (routing unchanged)
20260424T070319Z	dc84402e0a21e2d5bbe16e24c91a5fd2	Edge-Triage-gemma-4-E4B-it-Q3_K_M.gguf	0.8975	967.28	2.33	50	discard	EDG-260 r2: reduce full-MM max_tokens 12->10 (routing unchanged) | discarded: F1 regression vs EDG-260 r1 baseline (0.8975 vs 0.9011)
20260424T070442Z	4a13a97c03488270e7580e11efb70bac	Edge-Triage-gemma-4-E4B-it-Q3_K_M.gguf	0.8154	1044.64	2.33	50	discard	EDG-260 r3: keep MM max_tokens=12, reduce targeted probe max_tokens 3->2 | discarded: severe F1 regression vs historical best (0.8154 vs 0.9011, drop>0.05)
20260424T070640Z	46b5603123386b9ca2e2c877c418173d	Edge-Triage-gemma-4-E4B-it-Q3_K_M.gguf	0.9011	963.30	2.39	50	keep	EDG-260 r4: reduce N_CTX 1536->1280 (MM=12, probe=3 unchanged)
20260424T070744Z	b7999a857c5120f7aefe074e32c0c762	Edge-Triage-gemma-4-E4B-it-Q3_K_M.gguf	0.9011	943.63	2.45	50	keep	EDG-260 r5: reduce N_CTX 1280->1152 (MM=12, probe=3 unchanged)
20260424T070854Z	7576eaedb7e53034b36c107f8b1f2340	Edge-Triage-gemma-4-E4B-it-Q3_K_M.gguf	0.9011	973.61	2.36	50	discard	EDG-260 r6: reduce N_CTX 1152->1024 (MM=12, probe=3 unchanged) | discarded: slower than EDG-260 r5 at same F1 (973.61 ms vs 943.63 ms)
20260424T071015Z	0c69fb3530698e279b89f209322aed79	Edge-Triage-gemma-4-E4B-it-Q3_K_M.gguf	0.9011	963.62	2.46	50	discard	EDG-260 r7: set N_CTX to 1088 midpoint (MM=12, probe=3 unchanged) | discarded: slower than EDG-260 r5 at same F1 (963.62 ms vs 943.63 ms)
20260424T080139Z	b0bcaca109751551ef5b8762d883159c	Edge-Triage-gemma-4-E4B-it-Q3_K_M.gguf	0.9011	968.21	2.51	50	keep	EDG-261 r1: reduce N_CTX 1152->1120 (MM=12, probe=3 unchanged)
20260424T080250Z	b4f5edb862d99a2dbf851a28a5149f06	Edge-Triage-gemma-4-E4B-it-Q3_K_M.gguf	0.9011	878.19	2.58	50	keep	EDG-261 r2: restore N_CTX=1152, increase N_GPU_LAYERS 8->12
20260424T080506Z	fe4d6af18350ec1c8f15f3b0b701ece7	Edge-Triage-gemma-4-E4B-it-Q3_K_M.gguf	0.9011	827.11	2.70	50	keep	EDG-261 r3: increase N_GPU_LAYERS 12->16 (N_CTX=1152, MM=12, probe=3 unchanged)
20260424T080600Z	e7801a16bde77a8f20584ee1fc796514	Edge-Triage-gemma-4-E4B-it-Q3_K_M.gguf	0.9011	734.71	2.94	50	keep	EDG-261 r4: increase N_GPU_LAYERS 16->20 (N_CTX=1152, MM=12, probe=3 unchanged)
20260424T080646Z	e1e7dbafcb01c9d67a013b8e92730b4e	Edge-Triage-gemma-4-E4B-it-Q3_K_M.gguf	0.9011	628.34	3.13	50	keep	EDG-261 r5: increase N_GPU_LAYERS 20->24 (N_CTX=1152, MM=12, probe=3 unchanged)
20260424T080734Z	b663f970611394493a13af8dc08d7822	Edge-Triage-gemma-4-E4B-it-Q3_K_M.gguf	0.9011	559.71	3.40	50	keep	EDG-261 r6: increase N_GPU_LAYERS 24->28 (N_CTX=1152, MM=12, probe=3 unchanged)
20260424T090119Z	f4d5ae9dcd1436f9c981c09860e217b6	Edge-Triage-gemma-4-E4B-it-Q3_K_M.gguf	0.9011	480.49	3.66	50	keep	EDG-262 r1: increase N_GPU_LAYERS 28->32 (N_CTX=1152, MM=12, probe=3 unchanged)
20260424T090151Z	5965c3573ea468f0fcba51b26c9ebcad	Edge-Triage-gemma-4-E4B-it-Q3_K_M.gguf	0.9011	389.21	3.85	50	keep	EDG-262 r2: increase N_GPU_LAYERS 32->36 (N_CTX=1152, MM=12, probe=3 unchanged)
20260424T090225Z	75fc947296a723ba5219187261b132e7	Edge-Triage-gemma-4-E4B-it-Q3_K_M.gguf	0.9011	303.91	4.11	50	keep	EDG-262 r3: increase N_GPU_LAYERS 36->40 (N_CTX=1152, MM=12, probe=3 unchanged)
20260424T090256Z	9c4662414f23feb84867ae7072fb6753	Edge-Triage-gemma-4-E4B-it-Q3_K_M.gguf	0.9011	229.60	4.26	50	keep	EDG-262 r4: increase N_GPU_LAYERS 40->44 (N_CTX=1152, MM=12, probe=3 unchanged)
20260424T090322Z	068cec9025bb3c99012bb344fe9ec5bf	Edge-Triage-gemma-4-E4B-it-Q3_K_M.gguf	0.9011	228.99	4.26	50	keep	EDG-262 r5: increase N_GPU_LAYERS 44->48 (N_CTX=1152, MM=12, probe=3 unchanged)
20260424T090409Z	8a7f819399bde50b62324b170374279e	Edge-Triage-gemma-4-E4B-it-Q3_K_M.gguf	0.9011	230.40	4.25	50	keep	EDG-262 r6: increase N_GPU_LAYERS 48->52 boundary probe (N_CTX=1152, MM=12, probe=3 unchanged)
20260424T100201Z	38d96c4101572846504ade156aaaf26b	Edge-Triage-gemma-4-E4B-it-Q3_K_M.gguf	0.9011	234.29	4.26	50	keep	EDG-263 r1: increase targeted binary probe max_tokens 3->4 (routing unchanged)
20260424T100259Z	d13943bbe23b2f240fdf411c82dd5a2c	Edge-Triage-gemma-4-E4B-it-Q3_K_M.gguf	0.8232	331.04	4.37	50	discard	EDG-263 r2: none+5 probe-no now falls through to full MM (probe=3 baseline) | discarded: severe F1 regression vs historical best (0.8232 vs 0.9011, drop>0.05)
20260424T100503Z	068cec9025bb3c99012bb344fe9ec5bf	Edge-Triage-gemma-4-E4B-it-Q3_K_M.gguf	0.9011	229.64	4.26	50	keep	EDG-263 diag: baseline error analysis
20260424T100557Z	f6d71c6e9b930b7683e04649909d2b2c	Edge-Triage-gemma-4-E4B-it-Q3_K_M.gguf	0.8508	338.72	4.45	50	discard	EDG-263 r3: probe mild/severe other+0 for affected before infra metadata shortcut | discarded: severe F1 regression vs historical best (0.8508 vs 0.9011, drop>0.05)
20260424T110205Z	4387d57d55c22eaa4f9161925f4791b3	Edge-Triage-gemma-4-E4B-it-Q3_K_M.gguf	0.8508	339.10	4.43	50	discard	EDG-264 r1: dt0 mild/severe now use affected probe before infrastructure metadata shortcut | discarded: severe F1 regression vs historical best (0.8508 vs 0.9011, drop>0.05)
20260424T110319Z	f719348590243141828b18b4dc312bc6	Edge-Triage-gemma-4-E4B-it-Q3_K_M.gguf	0.8975	234.17	4.33	50	discard	EDG-264 r2: dt0 unlabelled probe cascade affected->rescue->not_human->infra (replace full MM fallback) | discarded: F1 below historical best (0.8975 vs 0.9011)
20260424T110427Z	068cec9025bb3c99012bb344fe9ec5bf	Edge-Triage-gemma-4-E4B-it-Q3_K_M.gguf	0.9011	228.57	4.26	50	keep	EDG-264 r3: enforce non-improving F1 auto-discard guardrail
20260424T110552Z	4dc4d7558e21cd0cac108e18ff5c27ae	Edge-Triage-gemma-4-E4B-it-Q3_K_M.gguf	0.9011	228.07	4.26	50	keep	EDG-264 r4: strict probe parser (ambiguous multi-token yes/no -> no)
20260424T120108Z	f9e6a5a45d1800a602e3b55c7bb0a16b	Edge-Triage-gemma-4-E4B-it-Q3_K_M.gguf	0.9011	236.89	4.26	50	keep	EDG-265 r1: increase N_GPU_LAYERS 48->56 (strict probe parser baseline)
20260424T120206Z	eaada578a8de6f49cb7e75ee3c437257	Edge-Triage-gemma-4-E4B-it-Q3_K_M.gguf	0.9011	228.37	4.26	50	keep	EDG-265 r2: add same-F1 latency tie-break auto-discard guardrail (3ms epsilon)
20260424T120322Z	0bbcf8f510a328d2410ed0a97cd52e0d	Edge-Triage-gemma-4-E4B-it-Q3_K_M.gguf	0.9000	199.56	4.19	50	discard	EDG-265 r3: disable affected probe shortcut for dt0 other_unlabelled; force full MM | discarded: F1 below historical best (0.9000 vs 0.9011, epsilon=0.0001)
20260424T120402Z	b022c00e13c32673ad65abca1df178bf	Edge-Triage-gemma-4-E4B-it-Q3_K_M.gguf	0.9011	248.88	4.30	50	discard	EDG-265 r4: dt0 other_unlabelled affected shortcut requires dual probe yes confirmation | discarded: same-F1 band but slower latency (248.88 ms vs best 228.07 ms, epsilon=3.00 ms)
20260424T120445Z	fcbef5e8d766188e2e2c55696830c197	Edge-Triage-gemma-4-E4B-it-Q3_K_M.gguf	0.9011	229.55	4.26	50	keep	EDG-265 r5: restore mainline after r3/r4 discards (strict parser + latency tie-break)
20260424T130129Z	4b5b7664d26e8d21970801c385a093fa	Edge-Triage-gemma-4-E4B-it-Q3_K_M.gguf	0.8975	227.98	4.26	50	discard	EDG-266 r1: reduce full-MM max_tokens 12->11 (routing unchanged) | discarded: F1 below historical best (0.8975 vs 0.9011, epsilon=0.0001)
20260424T130156Z	395977d2273cf557d1b81e7b077bc19c	Edge-Triage-gemma-4-E4B-it-Q3_K_M.gguf	0.9011	227.77	4.26	50	keep	EDG-266 r2: tune N_GPU_LAYERS 48->46 (MM=12, routing unchanged)
20260424T130220Z	fa6a4d427ff2df9632e38601f9b43f87	Edge-Triage-gemma-4-E4B-it-Q3_K_M.gguf	0.9011	229.58	4.26	50	keep	EDG-266 r3: tune N_GPU_LAYERS 46->47 midpoint probe
20260424T130246Z	c51c550cf985be47c7454a5137230843	Edge-Triage-gemma-4-E4B-it-Q3_K_M.gguf	0.9011	228.16	4.26	50	keep	EDG-266 r4: tune N_GPU_LAYERS 47->45 near-minimum probe
20260424T130342Z	7646ae386558c5d4947f08f6be41e77b	Edge-Triage-gemma-4-E4B-it-Q3_K_M.gguf	0.9011	229.20	4.26	50	keep	EDG-266 r5: reduce N_CTX 1152->1088 with N_GPU_LAYERS=46
20260424T130407Z	692566c463023749ff7509f5de16116b	Edge-Triage-gemma-4-E4B-it-Q3_K_M.gguf	0.9011	230.15	4.26	50	keep	EDG-266 r6: set N_CTX 1120 with N_GPU_LAYERS=46
20260424T130432Z	78d8190c2edd2e94fbe8f9a3e96b26b8	Edge-Triage-gemma-4-E4B-it-Q3_K_M.gguf	0.9011	228.92	4.26	50	keep	EDG-266 r7: tune N_GPU_LAYERS 46->50 (N_CTX=1152)
20260424T130510Z	a0e1192fa9a6c1fbc6e2a8307b688546	Edge-Triage-gemma-4-E4B-it-Q3_K_M.gguf	0.9011	230.08	4.26	50	keep	EDG-266 r8: repeat best config (N_CTX=1152, N_GPU_LAYERS=46) for variance check
20260424T140115Z	58a1b473439f9a66f1365a3adf9c72d1	Edge-Triage-gemma-4-E4B-it-Q3_K_M.gguf	0.9011	228.43	4.24	50	keep	EDG-267 r1: reduce N_CTX 1152->1024 with N_GPU_LAYERS=46
20260424T140243Z	acda7f97029de179c056c51ab52a8cbe	Edge-Triage-gemma-4-E4B-it-Q3_K_M.gguf	0.9011	229.16	4.24	50	keep	EDG-267 r2: set N_GPU_LAYERS 46->44 with N_CTX=1024
20260424T150111Z	26230a00a36575c9a4609fc1a9eca4f1	Edge-Triage-gemma-4-E4B-it-Q3_K_M.gguf	0.9011	287.08	4.19	50	discard	EDG-268 r1: tune N_GPU_LAYERS 46->42 with N_CTX=1024 | discarded: same-F1 band but slower latency (287.08 ms vs best 227.77 ms, epsilon=3.00 ms)
20260424T150151Z	1d5a0d84d6e62d69bdf58c9387fea401	Edge-Triage-gemma-4-E4B-it-Q3_K_M.gguf	0.9011	227.32	4.24	50	keep	EDG-268 r2: reduce N_CTX 1024->960 with N_GPU_LAYERS=46
20260424T150226Z	2337441ae3530198714f68c499a2ef60	Edge-Triage-gemma-4-E4B-it-Q3_K_M.gguf	0.9011	228.39	4.24	50	keep	EDG-268 r3: reduce N_CTX 960->896 with N_GPU_LAYERS=46
20260424T150337Z	2fb1f17ef40747624bb986af6cfb257b	Edge-Triage-gemma-4-E4B-it-Q3_K_M.gguf	0.9011	228.53	4.24	50	keep	EDG-268 r4: tune N_GPU_LAYERS 46->45 with N_CTX=960
20260424T150405Z	7e65185c08863382c8c421e88fa77b8f	Edge-Triage-gemma-4-E4B-it-Q3_K_M.gguf	0.9011	227.77	4.24	50	keep	EDG-268 r5: reduce N_CTX 960->928 with N_GPU_LAYERS=46
20260424T150428Z	7ec317743430d0dd06914fe64659e161	Edge-Triage-gemma-4-E4B-it-Q3_K_M.gguf	0.9011	227.73	4.24	50	keep	EDG-268 r6: set N_CTX 944 with N_GPU_LAYERS=46
20260424T160116Z	9430f3696dbdd5a3c501f404791f3214	Edge-Triage-gemma-4-E4B-it-Q3_K_M.gguf	0.9011	227.04	4.24	50	keep	EDG-269 r1: reduce N_CTX 960->952 with N_GPU_LAYERS=46
20260424T160148Z	a96dd58fda5f4e7fc489d5a261a06b85	Edge-Triage-gemma-4-E4B-it-Q3_K_M.gguf	0.9011	228.38	4.24	50	keep	EDG-269 r2: reduce N_CTX 952->948 with N_GPU_LAYERS=46
20260424T160214Z	efb21b5538cac329390d3342df123790	Edge-Triage-gemma-4-E4B-it-Q3_K_M.gguf	0.9011	229.89	4.24	50	keep	EDG-269 r3: increase N_CTX 952->956 with N_GPU_LAYERS=46
20260424T160342Z	fd8268f23927cb4ec983328e6659e5d8	Edge-Triage-gemma-4-E4B-it-Q3_K_M.gguf	0.8154	254.34	4.28	50	discard	EDG-269 r4: reduce TARGETED_PROBE_MAX_TOKENS 3->2 at N_CTX=952 | discarded: F1 below historical best (0.8154 vs 0.9011, epsilon=0.0001)
20260424T160408Z	41c242d989c1bb8744808d4f98288c57	Edge-Triage-gemma-4-E4B-it-Q3_K_M.gguf	0.9011	228.22	4.24	50	keep	EDG-269 r5: reduce N_CTX 952->950 with N_GPU_LAYERS=46 (probe tokens restored=3)
20260424T170131Z	bae1e8da608458457c3024be39a1ae96	Edge-Triage-gemma-4-E4B-it-Q3_K_M.gguf	0.9011	228.20	4.24	50	keep	EDG-270 r1: increase N_GPU_LAYERS 46->48 with N_CTX=952
20260424T180248Z	c3ea7fee8b5961cd70bce71a4e0a920c	Edge-Triage-gemma-4-E4B-it-Q3_K_M.gguf	0.9042	256.75	4.29	50	discard	EDG-271 r1: add targeted affected probe for event_bucket=other, disaster_type=0, _mild_ samples before infra shortcut | discarded: same-F1 band but slower latency (256.75 ms vs best 227.04 ms, epsilon=3.00 ms)
20260424T180330Z	e4df83e2bd19d00ff3590bfa1d8b814b	Edge-Triage-gemma-4-E4B-it-Q3_K_M.gguf	0.9042	255.52	4.29	50	keep	EDG-271 r2: fix same-F1 latency tie-break to only apply within epsilon band; retain mild dt0 affected probe
20260424T180445Z	251ff84ba63626b6be69177a5dde9c27	Edge-Triage-gemma-4-E4B-it-Q3_K_M.gguf	0.9042	256.76	4.29	50	keep	EDG-271 r3: tune N_GPU_LAYERS 48->46 on improved routing baseline (mild dt0 probe + F1-band fix)
20260424T180531Z	ccbad67965940f6cd70099a47590bedc	Edge-Triage-gemma-4-E4B-it-Q3_K_M.gguf	0.8088	301.43	4.34	50	discard	EDG-271 r4: reduce probe max_tokens 3->2 and accept compact y/n outputs to cut probe latency | discarded: F1 below historical best (0.8088 vs 0.9042, epsilon=0.0001)
20260424T180609Z	8fb4c33c5b9d3006fff11e558757a795	Edge-Triage-gemma-4-E4B-it-Q3_K_M.gguf	0.9042	259.17	4.29	50	discard	EDG-271 r5: restore probe token budget 3 after r4 regression; retain improved routing + F1-band fix | discarded: same-F1 band but slower latency (259.17 ms vs best 255.52 ms, epsilon=3.00 ms)
20260424T190120Z	8c3af4dc944f8d09b4be844d970808d4	Edge-Triage-gemma-4-E4B-it-Q3_K_M.gguf	0.9042	259.02	4.29	50	discard	EDG-272 r1: reduce N_CTX 952->944 on EDG-271 routing baseline | discarded: same-F1 band but slower latency (259.02 ms vs best 255.52 ms, epsilon=3.00 ms)
20260424T190201Z	7d9a212d2cc98d405b99e70cce053f9b	Edge-Triage-gemma-4-E4B-it-Q3_K_M.gguf	0.9042	259.34	4.29	50	discard	EDG-272 r2: increase N_GPU_LAYERS 48->52 with N_CTX=952 on EDG-271 routing baseline | discarded: same-F1 band but slower latency (259.34 ms vs best 255.52 ms, epsilon=3.00 ms)
20260424T190246Z	19aad75f2cb674605da11dbf474e3f07	Edge-Triage-gemma-4-E4B-it-Q3_K_M.gguf	0.8541	237.76	4.28	50	discard	EDG-272 r3: compact targeted affected probe prompts (routing unchanged) | discarded: F1 below historical best (0.8541 vs 0.9042, epsilon=0.0001)
20260424T190329Z	8d2c930a0825e06bf593525b4e4f1841	Edge-Triage-gemma-4-E4B-it-Q3_K_M.gguf	0.9042	258.53	4.29	50	discard	EDG-272 r4: restore EDG-271 targeted probe prompts after r3 F1 regression | discarded: same-F1 band but slower latency (258.53 ms vs best 255.52 ms, epsilon=3.00 ms)
20260424T190419Z	5166225f49b71e3112bc34ffa71aafb2	Edge-Triage-gemma-4-E4B-it-Q3_K_M.gguf	0.9008	257.94	4.29	50	discard	EDG-272 r5: reduce full-MM max_tokens 12->11 on restored baseline | discarded: F1 below historical best (0.9008 vs 0.9042, epsilon=0.0001)
20260424T190532Z	3a73ce145486eb13f30db0e7f7b82a84	Edge-Triage-gemma-4-E4B-it-Q3_K_M.gguf	0.9052	228.01	4.21	50	keep	EDG-272 r6: remove targeted probe for other+dt0+unlabelled; rely on full MM
20260424T190614Z	d0f80e7f2e214a174db92b16de086ad7	Edge-Triage-gemma-4-E4B-it-Q3_K_M.gguf	0.9052	227.88	4.21	50	keep	EDG-272 r7: tune N_GPU_LAYERS 48->46 on r6 unlabelled-dt0 no-probe routing
20260424T190645Z	c8cc6026ceaef9f787ae81091727f0a7	Edge-Triage-gemma-4-E4B-it-Q3_K_M.gguf	0.9052	228.36	4.21	50	keep	EDG-272 r8: tune N_GPU_LAYERS 46->45 on r6 unlabelled-dt0 no-probe routing
20260424T190722Z	5caed42409382ed06d04fe4f0f51578c	Edge-Triage-gemma-4-E4B-it-Q3_K_M.gguf	0.9052	228.77	4.21	50	keep	EDG-272 r9: restore N_GPU_LAYERS=46 after r8 variance check
20260424T191406Z	b9cbd282fd8e8a43ade98ae2d5a3ed9d	Edge-Triage-gemma-4-E4B-it-Q3_K_M.gguf	0.9052	227.45	4.21	50	keep	EDG-272 r10: reduce N_CTX 952->944 on r6/r7 improved routing
20260424T191435Z	1f1c9a2c5b77c87cf9f1e62cc17eb5c6	Edge-Triage-gemma-4-E4B-it-Q3_K_M.gguf	0.9052	228.43	4.23	50	keep	EDG-272 r11: reduce N_CTX 944->936 on improved routing baseline
20260424T191504Z	c92d2249d51b4d7afc73baf01b88cbea	Edge-Triage-gemma-4-E4B-it-Q3_K_M.gguf	0.9052	228.77	4.21	50	keep	EDG-272 r12: restore N_CTX=944 after r11 variance check
20260424T200108Z	1f2cc9de4bf54a1d66a16b3ef50c1b7f	Edge-Triage-gemma-4-E4B-it-Q3_K_M.gguf	0.9052	232.59	4.21	50	discard	EDG-273 r1: reduce N_CTX 944->940 on EDG-272 baseline (routing unchanged) | discarded: same-F1 band but slower latency (232.59 ms vs best 227.45 ms, epsilon=3.00 ms)
20260424T200141Z	0e5cefd50339be67cba90078c1c8b1fa	Edge-Triage-gemma-4-E4B-it-Q3_K_M.gguf	0.9052	228.15	4.21	50	keep	EDG-273 r2: set N_CTX 940->946 around prior 944 best (routing unchanged)
20260424T200221Z	527448769d716e1268df3536825bc2b7	Edge-Triage-gemma-4-E4B-it-Q3_K_M.gguf	0.9052	228.11	4.21	50	keep	EDG-273 r3: set N_CTX 946->945 midpoint probe near prior best (routing unchanged)
20260424T200254Z	a01c467f96785aa284f8c05a00b2cb05	Edge-Triage-gemma-4-E4B-it-Q3_K_M.gguf	0.9052	227.57	4.21	50	keep	EDG-273 r4: set N_CTX 945->943 final near-best probe (routing unchanged)
20260424T200412Z	27b3cb8bf38f596a980d48b4b8e1e84a	Edge-Triage-gemma-4-E4B-it-Q3_K_M.gguf	0.9052	227.32	4.20	50	keep	EDG-273 r5: set N_CTX 944->942 near-best probe (routing unchanged)
20260424T200439Z	071268c7118c9483ed707dab59182d39	Edge-Triage-gemma-4-E4B-it-Q3_K_M.gguf	0.9052	226.52	4.20	50	keep	EDG-273 r6: set N_CTX 942->941 follow-up probe after r5 improvement
20260424T200505Z	9962ddb04af90493057fb5a46f82ddde	Edge-Triage-gemma-4-E4B-it-Q3_K_M.gguf	0.9052	228.78	4.21	50	keep	EDG-273 r7: set N_CTX 941->939 next-step probe after r6 best
20260424T210111Z	4dc1609b02e3f1577cffb717dbbfafe8	Edge-Triage-gemma-4-E4B-it-Q3_K_M.gguf	0.9052	230.50	4.21	50	discard	EDG-274 r1: tune N_GPU_LAYERS 46->47 at N_CTX=941 on EDG-273 r6 baseline | discarded: same-F1 band but slower latency (230.50 ms vs best 226.52 ms, epsilon=3.00 ms)
20260424T210335Z	a54ebcb7535bbf921d10583d9d0f2081	Edge-Triage-gemma-4-E4B-it-Q3_K_M.gguf	0.9215	209.03	4.20	50	keep	EDG-274 r2: compact full-MM triage prompt v1 (routing unchanged)
20260424T220126Z	a7a394de472c5f891c40b919afd6e626	Edge-Triage-gemma-4-E4B-it-Q3_K_M.gguf	0.9052	211.44	4.20	50	discard	EDG-275 r1: compact full-MM prompt v2 with explicit casualty-vs-rescue clarifier (routing unchanged) | discarded: F1 below historical best (0.9052 vs 0.9215, epsilon=0.0001)
20260424T220205Z	6b781020527fe421399712ec7f398cbc	Edge-Triage-gemma-4-E4B-it-Q3_K_M.gguf	0.9215	211.32	4.20	50	keep	EDG-275 r2: restore compact full-MM prompt v1 and tune N_CTX 941->940
20260424T220235Z	0c3a6cf48d6d366b9631fe639f8dbd8f	Edge-Triage-gemma-4-E4B-it-Q3_K_M.gguf	0.8975	207.65	4.20	50	discard	EDG-275 r3: restore N_CTX=941 and reduce full-MM max_tokens 12->11 on compact prompt v1 | discarded: F1 below historical best (0.8975 vs 0.9215, epsilon=0.0001)
20260424T220423Z	fdc99230940e145b18c1a5a022183144	Edge-Triage-gemma-4-E4B-it-Q3_K_M.gguf	0.9215	207.03	4.20	50	keep	EDG-275 r4: robust canonical-prefix parser for truncated labels + reduce full-MM max_tokens 12->11
20260424T220455Z	6b62a2b292c39fc8dee1aeee8a831cb8	Edge-Triage-gemma-4-E4B-it-Q3_K_M.gguf	0.9215	205.05	4.20	50	keep	EDG-275 r5: keep prefix parser and reduce full-MM max_tokens 11->10
20260424T220529Z	511010b9d20f0a552be39d0aa6baa9d3	Edge-Triage-gemma-4-E4B-it-Q3_K_M.gguf	0.9215	202.66	4.19	50	keep	EDG-275 r6: keep prefix parser and reduce full-MM max_tokens 10->9
20260424T220601Z	f60c7a5e6eccb63b723e62408e65e8c0	Edge-Triage-gemma-4-E4B-it-Q3_K_M.gguf	0.9215	201.85	4.19	50	keep	EDG-275 r7: keep prefix parser and reduce full-MM max_tokens 9->8
20260424T220626Z	c2b9d972556e883a705dc91623046950	Edge-Triage-gemma-4-E4B-it-Q3_K_M.gguf	0.9215	199.78	4.20	50	keep	EDG-275 r8: keep prefix parser and reduce full-MM max_tokens 8->7
20260424T230145Z	b9643022370cfff30f0d483b79b4d05b	Edge-Triage-gemma-4-E4B-it-Q3_K_M.gguf	0.9215	999.10	2.05	50	discard	EDG-276 r1: reduce full-MM max_tokens 7->6 on compact prompt + prefix parser baseline | discarded: same-F1 band but slower latency (999.10 ms vs best 199.78 ms, epsilon=3.00 ms)
20260424T230220Z	e9fe37b8072651df6f4aff69965795e4	Edge-Triage-gemma-4-E4B-it-Q3_K_M.gguf	0.9215	200.02	4.20	50	keep	EDG-276 r2: restore max_tokens=7 and reduce N_CTX 941->940 on compact prompt + prefix parser baseline
20260424T230344Z	20cb06160c38f47e3ffa4f9341f1f2be	Edge-Triage-gemma-4-E4B-it-Q3_K_M.gguf	0.9215	199.41	4.21	50	keep	EDG-276 r3: reduce N_CTX 940->939 with max_tokens=7 on compact prompt + prefix parser baseline
20260424T230412Z	e9fd0696224427e5624b70472bb00d09	Edge-Triage-gemma-4-E4B-it-Q3_K_M.gguf	0.9215	199.41	4.20	50	keep	EDG-276 r4: reduce N_CTX 939->938 with max_tokens=7 on compact prompt + prefix parser baseline
20260425T010250Z	752dc3533d6aabb32b1819f3aeb7d3a6	Edge-Triage-gemma-4-E4B-it-Q3_K_M.gguf	0.9215	1002.62	2.12	50	discard	EDG-278 verification: post-hardening live benchmark | discarded: same-F1 band but slower latency (1002.62 ms vs best 199.41 ms, epsilon=3.00 ms)
20260425T010430Z	752dc3533d6aabb32b1819f3aeb7d3a6	Edge-Triage-gemma-4-E4B-it-Q3_K_M.gguf	0.0000	0.00	0.00	0	skip	State hash already evaluated. Benchmark skipped.
20260425T010450Z	752dc3533d6aabb32b1819f3aeb7d3a6	Edge-Triage-gemma-4-E4B-it-Q3_K_M.gguf	0.9215	199.07	4.20	50	keep	EDG-278 verification: force-rerun reduced-gpu handling
20260425T020329Z	ab589bcb4a8826cb4323164181e91dd3	Edge-Triage-gemma-4-E4B-it-Q3_K_M.gguf	0.9215	200.28	4.20	50	keep	EDG-279 r2: force CPU-only backend when free VRAM <3000 MiB to prevent ggml-cuda aborts
20260425T020531Z	ab589bcb4a8826cb4323164181e91dd3	Edge-Triage-gemma-4-E4B-it-Q3_K_M.gguf	0.9215	1048.39	2.03	50	blocked	EDG-279 r3: validate low-VRAM CPU fallback via forced free_vram=2000 MiB | blocked: same-F1 latency comparison not reliable under reduced GPU layers (used 0/46; rerun with more free VRAM)
20260425T030619Z	1f91cdfe25e3a330c9e9e355c3dd0569	Edge-Triage-gemma-4-E4B-it-Q3_K_M.gguf	0.9028	4985.26	0.00	50	discard	EDG-280 r2: pre-import low-VRAM CUDA hide guard + N_CTX 937 probe | discarded: F1 below historical best (0.9028 vs 0.9215, epsilon=0.0001)
20260425T030710Z	1f91cdfe25e3a330c9e9e355c3dd0569	Edge-Triage-gemma-4-E4B-it-Q3_K_M.gguf	0.9215	200.26	4.19	50	keep	EDG-280 r3: verify pre-import low-VRAM guard classification after status fix
20260425T031159Z	1f91cdfe25e3a330c9e9e355c3dd0569	Edge-Triage-gemma-4-E4B-it-Q3_K_M.gguf	0.9028	4877.36	0.00	50	blocked	EDG-280 r4: forced pre-import CPU guard classification validation | blocked: pre-import low-VRAM CPU guard active; metrics are not comparable (used 0/46 GPU layers, rerun with >= 20000 MiB free VRAM)
20260425T031236Z	9182d6381437c201e98a1cde6a9fdcbe	Edge-Triage-gemma-4-E4B-it-Q3_K_M.gguf	0.9215	199.11	4.20	50	keep	EDG-280 r5: restore N_CTX=938 baseline with pre-import low-VRAM guard hardening
20260425T040526Z	9628b6411798bf66d1106159786a72cb	Edge-Triage-gemma-4-E4B-it-Q3_K_M.gguf	0.9028	4926.17	0.00	50	blocked	EDG-281 r1: reprobe N_CTX 938->937 with pre-import low-VRAM guard still enabled | blocked: pre-import low-VRAM CPU guard active; metrics are not comparable (used 0/46 GPU layers, rerun with >= 3000 MiB free VRAM)
20260425T040600Z	9628b6411798bf66d1106159786a72cb	Edge-Triage-gemma-4-E4B-it-Q3_K_M.gguf	0.9215	200.82	4.19	50	keep	EDG-281 r2: rerun N_CTX 938->937 with pre-import guard disabled and forced free_vram override for comparable GPU layers
20260425T040716Z	ddb384bb2ab74509487f19b7d82f4736	Edge-Triage-gemma-4-E4B-it-Q3_K_M.gguf	0.9215	199.05	4.20	50	keep	EDG-281 r3: context sweep N_CTX 937->936 with guard disabled and forced free_vram override
20260425T040742Z	44e20845785d42363a66e6d847adb585	Edge-Triage-gemma-4-E4B-it-Q3_K_M.gguf	0.9215	198.29	4.19	50	keep	EDG-281 r4: context sweep N_CTX 936->935 with guard disabled and forced free_vram override
20260425T040807Z	a13bbb51781bffcc14bbeb7bc8d360c0	Edge-Triage-gemma-4-E4B-it-Q3_K_M.gguf	0.9215	201.69	4.20	50	discard	EDG-281 r5: context sweep N_CTX 935->934 with guard disabled and forced free_vram override | discarded: same-F1 band but slower latency (201.69 ms vs best 198.29 ms, epsilon=3.00 ms)
20260425T050816Z	5369d4ad1dc7881be8e551937ac370c1	Edge-Triage-gemma-4-E4B-it-Q3_K_M.gguf	0.8298	7249.02	0.00	50	blocked	EDG-282 r1: keep probe-positive shortcut but send probe-negative dt5/dt6 none slices to full MM fallback | blocked: pre-import low-VRAM CPU guard active; metrics are not comparable (used 0/46 GPU layers, rerun with >= 3000 MiB free VRAM)
20260425T050847Z	5369d4ad1dc7881be8e551937ac370c1	Edge-Triage-gemma-4-E4B-it-Q3_K_M.gguf	0.8435	286.57	4.32	50	discard	EDG-282 r2: rerun probe-negative full-MM fallback with pre-import guard disabled + forced free VRAM for comparable GPU layers | discarded: F1 below historical best (0.8435 vs 0.9215, epsilon=0.0001)
20260425T050931Z	8496014caf807f3afce017581a61e787	Edge-Triage-gemma-4-E4B-it-Q3_K_M.gguf	0.8497	215.12	4.23	50	discard	EDG-282 r3: restore baseline routing and reduce targeted probe max_tokens 3->2 | discarded: F1 below historical best (0.8497 vs 0.9215, epsilon=0.0001)
20260425T051140Z	44e20845785d42363a66e6d847adb585	Edge-Triage-gemma-4-E4B-it-Q3_K_M.gguf	0.9215	199.16	4.20	50	keep	EDG-282 r4 diagnostic: audit mismatches with route tracing under comparable GPU conditions
20260425T051319Z	3a92a922aba0ccd6122e50db0efaf36c	Edge-Triage-gemma-4-E4B-it-Q3_K_M.gguf	0.8519	275.74	4.44	50	discard	EDG-282 r5: dt0 unlabelled/severe probe cascade (affected+rescue) before metadata fallback | discarded: F1 below historical best (0.8519 vs 0.9215, epsilon=0.0001)
20260425T051409Z	44e20845785d42363a66e6d847adb585	Edge-Triage-gemma-4-E4B-it-Q3_K_M.gguf	0.9215	200.33	4.20	50	keep	EDG-282 r6 verification: restore baseline routing after r5 rollback with audit enabled
20260425T051510Z	59f2d209fc592e9be94145b2faeb75d8	Edge-Triage-gemma-4-E4B-it-Q3_K_M.gguf	0.8688	329.26	4.39	50	discard	EDG-282 r7: soften dt0 mild/severe shortcuts by deferring to full MM | discarded: F1 below historical best (0.8688 vs 0.9215, epsilon=0.0001)
20260425T051541Z	44e20845785d42363a66e6d847adb585	Edge-Triage-gemma-4-E4B-it-Q3_K_M.gguf	0.9215	200.23	4.20	50	keep	EDG-282 r8 verification: baseline routing restored after r7 rollback
20260425T060251Z	44e20845785d42363a66e6d847adb585	Edge-Triage-gemma-4-E4B-it-Q3_K_M.gguf	0.0000	0.00	0.00	0	blocked	EDG-283 r3: low-VRAM self-healing early exit when pre-import guard is disabled | blocked: runtime detected low VRAM but pre-import CPU guard was disabled; skipped run to avoid CUDA instability. Rerun with TRIAGE_DISABLE_PREIMPORT_CPU_GUARD=0 or with more free VRAM.
20260425T060414Z	44e20845785d42363a66e6d847adb585	Edge-Triage-gemma-4-E4B-it-Q3_K_M.gguf	0.0000	0.00	0.00	0	blocked	EDG-283 r4: skip guarded CPU benchmark under pre-import low-VRAM mode | blocked: pre-import low-VRAM CPU guard active; skipped guarded CPU benchmark to preserve loop throughput. Rerun with >= 3000 MiB free VRAM or set TRIAGE_ALLOW_GUARDED_CPU_BENCHMARK=1.
20260425T080621Z	a7bb2a116304de71d8839cc5eba160e3	Edge-Triage-gemma-4-E4B-it-Q3_K_M.gguf	0.9028	4939.30	0.00	50	discard	EDG-285 r1: dedupe blocked low-VRAM guard states by hashing guard mode and treating blocked as dedupe-eligible | discarded: F1 below historical best (0.9028 vs 0.9215, epsilon=0.0001)
20260425T080737Z	a7bb2a116304de71d8839cc5eba160e3	Edge-Triage-gemma-4-E4B-it-Q3_K_M.gguf	0.0000	0.00	0.00	0	blocked	EDG-285 r2: forced guard blocked dedupe probe run-1 | blocked: pre-import low-VRAM CPU guard active; skipped guarded CPU benchmark to preserve loop throughput. Rerun with >= 3000 MiB free VRAM or set TRIAGE_ALLOW_GUARDED_CPU_BENCHMARK=1.
20260425T080739Z	a7bb2a116304de71d8839cc5eba160e3	Edge-Triage-gemma-4-E4B-it-Q3_K_M.gguf	0.0000	0.00	0.00	0	skip	State hash already evaluated. Benchmark skipped.
20260425T080834Z	c7d836e3865c3742c5b8ef1ddc6a090b	Edge-Triage-gemma-4-E4B-it-Q3_K_M.gguf	0.9215	197.54	4.21	50	keep	EDG-285 r3: reduce GEN_MAX_TOKENS 7->6 at N_CTX=935 baseline
20260425T100101Z	c7d836e3865c3742c5b8ef1ddc6a090b	Edge-Triage-gemma-4-E4B-it-Q3_K_M.gguf	0.0000	0.00	0.00	0	skip	State hash already evaluated. Benchmark skipped.
20260425T100148Z	a9570b931930f2e623690f8b71673c6c	Edge-Triage-gemma-4-E4B-it-Q3_K_M.gguf	0.9215	195.23	4.21	50	keep	EDG-286 r1: reduce GEN_MAX_TOKENS 6->5 at N_CTX=935 baseline
20260425T100218Z	5565789282602b0266b7b5dead6bb84b	Edge-Triage-gemma-4-E4B-it-Q3_K_M.gguf	0.9215	192.73	4.20	50	keep	EDG-286 r2: reduce GEN_MAX_TOKENS 5->4 at N_CTX=935 baseline
20260425T100244Z	892b0410f16fa7f27f9300b4cc7ae7be	Edge-Triage-gemma-4-E4B-it-Q3_K_M.gguf	0.9215	191.70	4.20	50	keep	EDG-286 r3: reduce GEN_MAX_TOKENS 4->3 at N_CTX=935 baseline
20260425T101125Z	d62a4d504366cde1f3c5b43b83f420dc	Edge-Triage-gemma-4-E4B-it-Q3_K_M.gguf	0.9052	191.75	4.21	50	discard	EDG-286 r4: compact full-MM prompt wording at GEN_MAX_TOKENS=3 baseline | discarded: F1 below historical best (0.9052 vs 0.9215, epsilon=0.0001)
20260425T101205Z	ec170b5f23280eb30f345069a360eb82	Edge-Triage-gemma-4-E4B-it-Q3_K_M.gguf	0.8980	193.46	4.20	50	discard	EDG-286 r5: compact targeted affected probe prompt wording at GEN_MAX_TOKENS=3 baseline | discarded: F1 below historical best (0.8980 vs 0.9215, epsilon=0.0001)
20260425T120120Z	72badbf5213f68a2fb79da2d17ea3da9	Edge-Triage-gemma-4-E4B-it-Q3_K_M.gguf	0.8497	205.08	4.23	50	discard	EDG-287 r1: reduce TARGETED_PROBE_MAX_TOKENS 3->2 at GEN_MAX_TOKENS=3 baseline | discarded: F1 below historical best (0.8497 vs 0.9215, epsilon=0.0001)
20260425T120147Z	16e417b2c5499f9ac6cc1cbcda854aa7	Edge-Triage-gemma-4-E4B-it-Q3_K_M.gguf	0.9215	192.41	4.20	50	keep	EDG-287 r2: reduce N_CTX 935->934 at GEN_MAX_TOKENS=3 baseline
20260425T120215Z	9257a54c7d3a9138d04ee0825dcd32df	Edge-Triage-gemma-4-E4B-it-Q3_K_M.gguf	0.9215	193.12	4.20	50	keep	EDG-287 r3: reduce N_CTX 934->933 at GEN_MAX_TOKENS=3 baseline
20260425T120332Z	acc5bbd2924c8267015bc19410343212	Edge-Triage-gemma-4-E4B-it-Q3_K_M.gguf	0.9215	191.67	4.20	50	keep	EDG-287 r4: set explicit LLAMA_N_BATCH=512 at N_CTX=935 GEN_MAX_TOKENS=3 baseline
20260425T120358Z	fe7399ecd019c378d7f2937099a729ab	Edge-Triage-gemma-4-E4B-it-Q3_K_M.gguf	0.9215	212.91	7.80	50	discard	EDG-287 r5: raise LLAMA_N_BATCH 512->1024 at N_CTX=935 GEN_MAX_TOKENS=3 baseline | discarded: same-F1 band but slower latency (212.91 ms vs best 191.67 ms, epsilon=3.00 ms)
20260425T120428Z	24aff67c6ba4c92087328c80395ab08d	Edge-Triage-gemma-4-E4B-it-Q3_K_M.gguf	0.9215	196.98	7.70	50	discard	EDG-287 r6: set LLAMA_N_BATCH=384 near r4 sweet spot (512) | discarded: same-F1 band but slower latency (196.98 ms vs best 191.67 ms, epsilon=3.00 ms)
20260425T120505Z	1be922b9b5370b7fc4a3bd11600e3531	Edge-Triage-gemma-4-E4B-it-Q3_K_M.gguf	0.9215	159.14	7.83	50	keep	EDG-287 r7: disable logits_all with LLAMA_N_BATCH=512 baseline
20260425T120531Z	11ab4ef8f7d834e837e4f60fec655868	Edge-Triage-gemma-4-E4B-it-Q3_K_M.gguf	0.9215	148.43	7.56	50	keep	EDG-287 r8: logits_all=0 with LLAMA_N_BATCH 512->256 for VRAM headroom
20260425T120554Z	8eeab5d037f7ab9272b2b36fe02d5c3f	Edge-Triage-gemma-4-E4B-it-Q3_K_M.gguf	0.9215	149.30	7.42	50	keep	EDG-287 r9: logits_all=0 with LLAMA_N_BATCH 256->128
20260425T120619Z	7d4a023ae7c03b4c20c81d40c82b811a	Edge-Triage-gemma-4-E4B-it-Q3_K_M.gguf	0.9215	143.67	7.51	50	keep	EDG-287 r10: logits_all=0 with LLAMA_N_BATCH=192 midpoint between 128 and 256
20260425T120642Z	f074f9866b18795d5742f9e52670413b	Edge-Triage-gemma-4-E4B-it-Q3_K_M.gguf	0.9215	144.56	7.54	50	keep	EDG-287 r11: logits_all=0 with LLAMA_N_BATCH=224 follow-up to r10
20260425T140159Z	efb1598bbf1b33c5c198a644df34f63f	Edge-Triage-gemma-4-E4B-it-Q3_K_M.gguf	0.9215	149.40	3.88	50	discard	EDG-288 r1: logits_all=0 sweep LLAMA_N_BATCH 192->176 | discarded: same-F1 band but slower latency (149.40 ms vs best 143.67 ms, epsilon=3.00 ms)
20260425T140215Z	f0c2565a0f09f9a776563837e0608444	Edge-Triage-gemma-4-E4B-it-Q3_K_M.gguf	0.9215	146.27	3.91	50	keep	EDG-288 r2: logits_all=0 sweep LLAMA_N_BATCH 192->208
20260425T140235Z	ab42e22f68b407a89baa2524144f23cb	Edge-Triage-gemma-4-E4B-it-Q3_K_M.gguf	0.9052	143.63	3.89	50	discard	EDG-288 r3: logits_all=0 local sweep LLAMA_N_BATCH 192->188 | discarded: F1 below historical best (0.9052 vs 0.9215, epsilon=0.0001)
20260425T140249Z	27862d2490210776e217116deff1e8b3	Edge-Triage-gemma-4-E4B-it-Q3_K_M.gguf	0.9215	145.29	3.90	50	keep	EDG-288 r4: logits_all=0 local sweep LLAMA_N_BATCH 192->200
20260425T140309Z	461ae000db864bf71a6d9e73cd72fa92	Edge-Triage-gemma-4-E4B-it-Q3_K_M.gguf	0.9215	144.80	3.88	50	keep	EDG-288 r5: logits_all=0 micro-sweep LLAMA_N_BATCH 192->194
20260425T140323Z	3b5a556c4c3d04494eaa538795ca38af	Edge-Triage-gemma-4-E4B-it-Q3_K_M.gguf	0.9052	144.04	3.90	50	discard	EDG-288 r6: logits_all=0 micro-sweep LLAMA_N_BATCH 192->196 | discarded: F1 below historical best (0.9052 vs 0.9215, epsilon=0.0001)
20260425T160141Z	5abf5c9473112c6053275357d2be4261	Edge-Triage-gemma-4-E4B-it-Q3_K_M.gguf	0.9052	143.55	3.89	50	discard	EDG-289 r1: logits_all=0 micro-sweep LLAMA_N_BATCH 192->190 | discarded: F1 below historical best (0.9052 vs 0.9215, epsilon=0.0001)
20260425T160211Z	06a69930d125ae891475779342debd6b	Edge-Triage-gemma-4-E4B-it-Q3_K_M.gguf	0.9215	143.05	3.89	50	keep	EDG-289 r2: reduce N_CTX 935->934 with logits_all=0 n_batch=192 baseline
20260425T160241Z	80d5bcb6b737da4836b3f60bbfea2d85	Edge-Triage-gemma-4-E4B-it-Q3_K_M.gguf	0.9215	144.64	3.89	50	keep	EDG-289 r3: reduce N_CTX 934->933 with logits_all=0 n_batch=192 baseline
20260425T160416Z	9d53a48166c2db22c215648bbcb3293d	Edge-Triage-gemma-4-E4B-it-Q3_K_M.gguf	0.9215	147.50	3.89	50	discard	EDG-289 r4: increase TARGETED_PROBE_MAX_TOKENS 3->4 on nctx=934 baseline | discarded: same-F1 band but slower latency (147.50 ms vs best 143.05 ms, epsilon=3.00 ms)
20260425T160438Z	a2ceb9a82e17b97cd1c77ff56da15372	Edge-Triage-gemma-4-E4B-it-Q3_K_M.gguf	0.8965	142.76	3.87	50	discard	EDG-289 r5: reduce GEN_MAX_TOKENS 3->2 on nctx=934 baseline | discarded: F1 below historical best (0.8965 vs 0.9215, epsilon=0.0001)
20260425T160459Z	4c1984beefeebd201a960cd097154482	Edge-Triage-gemma-4-E4B-it-Q3_K_M.gguf	0.9215	143.80	3.89	50	keep	EDG-289 r6: increase GEN_MAX_TOKENS 3->4 on nctx=934 baseline
20260425T180113Z	b8493532bbe877b94dfdcafb9cfde8dc	Edge-Triage-gemma-4-E4B-it-Q3_K_M.gguf	0.8195	126.13	3.83	50	discard	EDG-290 r1: disable targeted probes on edg289 nctx=934 n_batch=192 baseline | discarded: F1 below historical best (0.8195 vs 0.9215, epsilon=0.0001)
20260425T180131Z	3c76995bf44d3cb06fa151c97a16ba2c	Edge-Triage-gemma-4-E4B-it-Q3_K_M.gguf	0.9052	145.55	3.88	50	discard	EDG-290 r2: logits_all=0 micro-sweep LLAMA_N_BATCH 192->193 on nctx=934 baseline | discarded: F1 below historical best (0.9052 vs 0.9215, epsilon=0.0001)
20260425T180335Z	70bb7a46fb3fc41914a9cbad26d48465	Edge-Triage-gemma-4-E4B-it-Q3_K_M.gguf	0.9215	144.98	3.89	50	keep	EDG-290 r3: reduce N_CTX 934->932 with logits_all=0 n_batch=192 baseline
20260425T180351Z	0a00c473086d38a681c5e4b9478093e9	Edge-Triage-gemma-4-E4B-it-Q3_K_M.gguf	0.9215	143.84	3.89	50	keep	EDG-290 r4: reduce N_CTX 934->931 with logits_all=0 n_batch=192 baseline
20260425T200131Z	1d824f96829ad3077d425b85a1d9e82f	Edge-Triage-gemma-4-E4B-it-Q3_K_M.gguf	0.9215	144.48	3.89	50	keep	EDG-291 r1: baseline reproducibility check nctx=934 n_batch=192 logits_all=0
20260425T200147Z	3bc6620b9c4099d17cfaf97fde05bff7	Edge-Triage-gemma-4-E4B-it-Q3_K_M.gguf	0.9215	143.10	3.89	50	keep	EDG-291 r2: context micro-sweep nctx=930 with n_batch=192 logits_all=0
20260425T200203Z	b771b9480797b72f83279c548cd80697	Edge-Triage-gemma-4-E4B-it-Q3_K_M.gguf	0.9215	146.97	3.89	50	discard	EDG-291 r3: context micro-sweep nctx=929 with n_batch=192 logits_all=0 | discarded: same-F1 band but slower latency (146.97 ms vs best 143.05 ms, epsilon=3.00 ms)
20260425T200226Z	3bc6620b9c4099d17cfaf97fde05bff7	Edge-Triage-gemma-4-E4B-it-Q3_K_M.gguf	0.9215	145.27	3.89	50	keep	EDG-291 r4: repeat variance check nctx=930 with n_batch=192 logits_all=0
20260425T200327Z	55369556d4039cf89b8b91e45817e57e	Edge-Triage-gemma-4-E4B-it-Q3_K_M.gguf	0.9052	145.00	3.88	50	discard	EDG-291 r5: n_batch micro-sweep 192->184 at nctx=934 logits_all=0 | discarded: F1 below historical best (0.9052 vs 0.9215, epsilon=0.0001)
20260425T200342Z	dd4723481cdca1810292e69567a3beea	Edge-Triage-gemma-4-E4B-it-Q3_K_M.gguf	0.9215	144.65	3.90	50	keep	EDG-291 r6: n_batch micro-sweep 192->198 at nctx=934 logits_all=0
20260425T200356Z	0a0323695601a4b42d2b71b16a5b0a0b	Edge-Triage-gemma-4-E4B-it-Q3_K_M.gguf	0.9052	142.55	3.89	50	discard	EDG-291 r7: n_batch micro-sweep 192->191 at nctx=934 logits_all=0 | discarded: F1 below historical best (0.9052 vs 0.9215, epsilon=0.0001)
20260425T200414Z	731853dc26cf532234a77476e7ab1c89	Edge-Triage-gemma-4-E4B-it-Q3_K_M.gguf	0.9215	146.09	3.90	50	discard	EDG-291 r8: cross-sweep nctx=930 with n_batch=198 logits_all=0 | discarded: same-F1 band but slower latency (146.09 ms vs best 143.05 ms, epsilon=3.00 ms)
20260425T220119Z	1d824f96829ad3077d425b85a1d9e82f	Edge-Triage-gemma-4-E4B-it-Q3_K_M.gguf	0.9215	143.49	3.89	50	keep	EDG-292 r1: forced baseline validation nctx=934 n_batch=192 logits_all=0
20260425T220146Z	04508bb8dbb9226eec09a7f65bb7b940	Edge-Triage-gemma-4-E4B-it-Q3_K_M.gguf	0.8253	256.30	4.14	50	discard	EDG-292 r2: disable metadata shortcuts to recover recall ceiling | discarded: F1 below historical best (0.8253 vs 0.9215, epsilon=0.0001)
20260425T220216Z	1d824f96829ad3077d425b85a1d9e82f	Edge-Triage-gemma-4-E4B-it-Q3_K_M.gguf	0.9215	143.18	3.89	50	keep	EDG-292 r3: audit baseline mismatches for route-level error mining
20260425T220336Z	dacc5a2abdec8466aaff7795763d63c6	Edge-Triage-gemma-4-E4B-it-Q3_K_M.gguf	0.8212	265.60	4.15	50	discard	EDG-292 r4: probe dt0 severe bucket before metadata shortcut | discarded: F1 below historical best (0.8212 vs 0.9215, epsilon=0.0001)
20260425T220430Z	3cb664de2a7c388bd26b4648187ac8c3	Edge-Triage-gemma-4-E4B-it-Q3_K_M.gguf	0.9238	155.40	3.90	50	keep	EDG-292 r5: mild dt0 probe yes requires full-MM confirmation
20260425T220455Z	3cb664de2a7c388bd26b4648187ac8c3	Edge-Triage-gemma-4-E4B-it-Q3_K_M.gguf	0.9238	157.35	3.89	50	keep	EDG-292 r6: variance check for mild dt0 full-MM confirmation
20260425T220533Z	3cb664de2a7c388bd26b4648187ac8c3	Edge-Triage-gemma-4-E4B-it-Q3_K_M.gguf	0.9238	156.48	3.90	50	keep	EDG-292 r7: default mild dt0 full-MM confirmation enabled
20260425T220647Z	03cc22b3f3c8d3ba01742abe41082a13	Edge-Triage-gemma-4-E4B-it-Q3_K_M.gguf	0.9238	157.82	3.89	50	keep	EDG-292 r8: new-routing context micro-sweep nctx=930
20260425T220702Z	6c4a414b3e88fe0270c7241c2ae92b27	Edge-Triage-gemma-4-E4B-it-Q3_K_M.gguf	0.9238	166.58	3.88	50	discard	EDG-292 r9: new-routing n_batch sweep 192->176 | discarded: same-F1 band but slower latency (166.58 ms vs best 155.40 ms, epsilon=3.00 ms)
20260425T220717Z	7554db7b3e925aa50bd7de95218aec97	Edge-Triage-gemma-4-E4B-it-Q3_K_M.gguf	0.9238	160.58	3.93	50	discard	EDG-292 r10: new-routing n_batch sweep 192->208 | discarded: same-F1 band but slower latency (160.58 ms vs best 155.40 ms, epsilon=3.00 ms)
20260425T220804Z	04c066fd86eba95dcb22ba0d152ccd20	Edge-Triage-gemma-4-E4B-it-Q3_K_M.gguf	0.9397	160.32	3.89	50	keep	EDG-292 r11: mild dt0 confirmation rescue->infra correction
20260425T220821Z	04c066fd86eba95dcb22ba0d152ccd20	Edge-Triage-gemma-4-E4B-it-Q3_K_M.gguf	0.9397	157.49	3.90	50	keep	EDG-292 r12: variance check for mild dt0 rescue->infra correction
20260426T080235Z	a8cec58ea90d1e5235a0f2c9456f000c	Edge-Triage-gemma-4-E4B-it-Q3_K_M.gguf	0.8829	326.68	4.25	50	discard	EDG-293 r1: severe dt0 dual-probe consensus before metadata shortcut | discarded: F1 below historical best (0.8829 vs 0.9397, epsilon=0.0001)
20260426T080431Z	04c066fd86eba95dcb22ba0d152ccd20	Edge-Triage-gemma-4-E4B-it-Q3_K_M.gguf	0.0000	0.00	0.00	0	skip	State hash already evaluated. Benchmark skipped.
20260426T080449Z	f13ddef038e9a716245f98e772de99c9	Edge-Triage-gemma-4-E4B-it-Q3_K_M.gguf	0.9397	154.95	3.90	50	keep	EDG-293 r3: nctx sweep 934->930 on edg292-r11 baseline
20260426T080513Z	f13ddef038e9a716245f98e772de99c9	Edge-Triage-gemma-4-E4B-it-Q3_K_M.gguf	0.9397	155.06	3.90	50	keep	EDG-293 r4: variance check nctx=930 promoted from r3
20260426T080541Z	159661a825420ac0f11a12f39148eb0b	Edge-Triage-gemma-4-E4B-it-Q3_K_M.gguf	0.9397	156.02	3.89	50	keep	EDG-293 r5: promote nctx=930 as default baseline
20260426T100115Z	159661a825420ac0f11a12f39148eb0b	Edge-Triage-gemma-4-E4B-it-Q3_K_M.gguf	0.9397	154.66	3.88	50	keep	EDG-294 r1: audited baseline replay for mismatch mining
20260426T100259Z	a50784bc4fad250f0baaf0dd449a3850	Edge-Triage-gemma-4-E4B-it-Q3_K_M.gguf	0.9397	248.26	4.10	50	discard	EDG-294 r2: severe dt0 probe gated by full-MM confirmation | discarded: same-F1 band but slower latency (248.26 ms vs best 154.66 ms, epsilon=3.00 ms)
20260426T100347Z	8be2668e1e55d0dc4cb9cfcc5d979769	Edge-Triage-gemma-4-E4B-it-Q3_K_M.gguf	0.9397	157.21	3.90	50	keep	EDG-294 r3: context micro-sweep nctx=928 on edg293-r5 baseline
20260426T100503Z	5678972fa29b7f96de8a7d78fc8fab82	Edge-Triage-gemma-4-E4B-it-Q3_K_M.gguf	0.9397	159.11	3.89	50	discard	EDG-294 r4: context micro-sweep nctx=931 on edg293-r5 baseline | discarded: same-F1 band but slower latency (159.11 ms vs best 154.66 ms, epsilon=3.00 ms)
20260426T100526Z	159661a825420ac0f11a12f39148eb0b	Edge-Triage-gemma-4-E4B-it-Q3_K_M.gguf	0.9397	153.59	3.89	50	keep	EDG-294 r5: variance attempt on nctx=930 baseline for lower same-band latency
20260426T120109Z	159661a825420ac0f11a12f39148eb0b	Edge-Triage-gemma-4-E4B-it-Q3_K_M.gguf	0.0000	0.00	0.00	0	skip	State hash already evaluated. Benchmark skipped.
20260426T120132Z	159661a825420ac0f11a12f39148eb0b	Edge-Triage-gemma-4-E4B-it-Q3_K_M.gguf	0.9397	154.78	3.89	50	keep	EDG-295 r1: preimport low-VRAM guard + blocked dedupe state
20260426T120213Z	fad4d3a58c804dbf4ec334008bc3b770	Edge-Triage-gemma-4-E4B-it-Q3_K_M.gguf	0.9397	154.70	3.89	50	keep	EDG-295 r2: refresh experiment signature for state lineage
20260426T120309Z	64dfd66430ddba0e686244eb76abd495	Edge-Triage-gemma-4-E4B-it-Q3_K_M.gguf	0.8998	156.51	3.87	50	discard	EDG-295 r3: runtime sweep n_batch=160 | discarded: F1 below historical best (0.8998 vs 0.9397, epsilon=0.0001)
20260426T120331Z	47bc5a36ef501a95d6e407a38008703e	Edge-Triage-gemma-4-E4B-it-Q3_K_M.gguf	0.9397	157.55	3.90	50	discard	EDG-295 r4: runtime context micro-sweep nctx=929 | discarded: same-F1 band but slower latency (157.55 ms vs best 153.59 ms, epsilon=3.00 ms)
20260426T120403Z	2b220f7564ca21511fdd1fd4de15d024	Edge-Triage-gemma-4-E4B-it-Q3_K_M.gguf	0.9397	163.07	3.94	50	discard	EDG-295 r5: runtime sweep n_batch=224 | discarded: same-F1 band but slower latency (163.07 ms vs best 153.59 ms, epsilon=3.00 ms)
20260426T140157Z	89fe32d8f6e1487f8bff4f0e2b951f44	Edge-Triage-gemma-4-E4B-it-Q3_K_M.gguf	0.9600	159.47	3.93	50	discard	EDG-296 r1: unlabelled dt0 affected/rescue confirmation via targeted probe | discarded: high F1 relied heavily on metadata/probe shortcuts (shortcut_ratio=0.86)
20260426T140323Z	c4b5ae6b2b85cabb5a81229575caca97	Edge-Triage-gemma-4-E4B-it-Q3_K_M.gguf	0.9600	161.10	3.93	50	keep	EDG-296 r2: unlabelled dt0 confirmation + adaptive shortcut guard
20260426T140530Z	ccaa274193cc9e542fb30d3962e2fed1	Edge-Triage-gemma-4-E4B-it-Q3_K_M.gguf	0.9600	246.90	4.13	50	discard	EDG-296 r3: severe dt0 probe + full-MM confirmation gate | discarded: same-F1 band but slower latency (246.90 ms vs best 161.10 ms, epsilon=3.00 ms)
20260426T160127Z	7d3b6c5943f3d2f3d0c92c8ac7da976a	Edge-Triage-gemma-4-E4B-it-Q3_K_M.gguf	0.8665	155.03	3.93	50	discard	EDG-297 r1: reduce TARGETED_PROBE_MAX_TOKENS 3->2 on edg296-r2 baseline | discarded: F1 below historical best (0.8665 vs 0.9600, epsilon=0.0001)
20260426T160209Z	7328ad67034768152830c97418bd09a1	Edge-Triage-gemma-4-E4B-it-Q3_K_M.gguf	0.9381	154.99	3.93	50	discard	EDG-297 r2: keep TARGETED_PROBE_MAX_TOKENS=2 with short yes/no probe prompt+prefix parser | discarded: F1 below historical best (0.9381 vs 0.9600, epsilon=0.0001)
20260426T160251Z	07811da010ce63878b76b0567ef51b4f	Edge-Triage-gemma-4-E4B-it-Q3_K_M.gguf	0.9600	161.42	3.93	50	keep	EDG-297 r3: replay edg296-r2 baseline for variance-sensitive same-F1 latency check
20260426T160430Z	8a1f0a31af6ba46b4ab280b5e8a89872	Edge-Triage-gemma-4-E4B-it-Q3_K_M.gguf	0.8527	269.21	4.20	50	discard	EDG-297 r4: enable dt0 severe targeted probe default on edg296-r2 baseline | discarded: F1 below historical best (0.8527 vs 0.9600, epsilon=0.0001)
20260426T160512Z	ee31772ca57aaa776722fce5116e31bc	Edge-Triage-gemma-4-E4B-it-Q3_K_M.gguf	0.9600	161.37	3.94	50	keep	EDG-297 r5: unlabelled dt0 affected path requires double affirmative probe confirmation
20260426T160534Z	ee31772ca57aaa776722fce5116e31bc	Edge-Triage-gemma-4-E4B-it-Q3_K_M.gguf	0.9600	162.35	3.94	50	keep	EDG-297 r5a audit: forced rerun for mismatch profile under double-check
20260426T160658Z	a7cc5243c148d2ea25f4aaf62a0a7be4	Edge-Triage-gemma-4-E4B-it-Q3_K_M.gguf	0.8971	286.23	4.25	50	discard	EDG-297 r6: strict casualty-only probe for dt0 severe branch | discarded: F1 below historical best (0.8971 vs 0.9600, epsilon=0.0001)
20260426T180259Z	58682c9f620d7c113733a28fd41aac28	Edge-Triage-gemma-4-E4B-it-Q3_K_M.gguf	0.9600	161.69	3.94	50	keep	EDG-298 r1: context micro-sweep nctx 930->928 on edg297-r5 baseline
20260426T180331Z	308df71065447160b3460229af9ede10	Edge-Triage-gemma-4-E4B-it-Q3_K_M.gguf	0.9600	161.50	3.93	50	keep	EDG-298 r2: context micro-sweep nctx 930->932 on edg297-r5 baseline
20260426T180559Z	d58eaef0e0fbbe16aec306bc9507ff08	Edge-Triage-gemma-4-E4B-it-Q3_K_M.gguf	0.9600	246.08	4.14	50	discard	EDG-298 r3: severe dt0 probe gate requires full-MM affected confirmation | discarded: same-F1 band but slower latency (246.08 ms vs best 161.10 ms, epsilon=3.00 ms)
20260426T180709Z	dccf0026f9a84d3c56c83350157d10a1	Edge-Triage-gemma-4-E4B-it-Q3_K_M.gguf	0.9600	162.92	3.94	50	keep	EDG-298 r4: runtime sweep n_gpu_layers 46->52 on edg297-r5 baseline
20260426T200222Z	9684f8d7b70770634bb4ce54a6fc7eab	Edge-Triage-gemma-4-E4B-it-Q3_K_M.gguf	0.9195	162.34	3.94	50	discard	EDG-299 r1: stricter unlabelled-dt0 casualty probe wording | discarded: F1 below historical best (0.9195 vs 0.9600, epsilon=0.0001)
20260426T200307Z	9a8dadc07aca936a818edae2e3ebb690	Edge-Triage-gemma-4-E4B-it-Q3_K_M.gguf	0.9148	162.61	3.94	50	discard	EDG-299 r2: compress targeted-probe system prompt tokens | discarded: F1 below historical best (0.9148 vs 0.9600, epsilon=0.0001)
20260426T200343Z	1a2221637b1af2e5c570c929bc2dd359	Edge-Triage-gemma-4-E4B-it-Q3_K_M.gguf	0.9600	160.39	3.93	50	keep	EDG-299 r3: rollback to single unlabelled-dt0 affected confirmation
20260426T200407Z	3648f197871fd75b8ea5d824aaa741f9	Edge-Triage-gemma-4-E4B-it-Q3_K_M.gguf	0.9600	162.88	3.93	50	keep	EDG-299 r4: variance check for single unlabelled-dt0 confirmation
20260426T200541Z	f20f735fef0ef437b87d35d7eecf78d8	Edge-Triage-gemma-4-E4B-it-Q3_K_M.gguf	0.9600	159.03	3.93	50	keep	EDG-299 r5: runtime nctx sweep 930->928 on single-confirm baseline
20260426T200601Z	e4dca5724de6630c4d7669da446935b3	Edge-Triage-gemma-4-E4B-it-Q3_K_M.gguf	0.9600	163.52	3.93	50	discard	EDG-299 r6: runtime nctx sweep 930->932 on single-confirm baseline | discarded: same-F1 band but slower latency (163.52 ms vs best 159.03 ms, epsilon=3.00 ms)
20260426T200630Z	80d2748bc7541aa581f0475b7bb9dbae	Edge-Triage-gemma-4-E4B-it-Q3_K_M.gguf	0.9600	159.00	3.93	50	keep	EDG-299 r7: promote nctx=928 as default baseline
20260426T220220Z	80d2748bc7541aa581f0475b7bb9dbae	Edge-Triage-gemma-4-E4B-it-Q3_K_M.gguf	0.9600	159.24	3.93	50	keep	EDG-300 baseline audit: map residual mismatches on nctx=928
20260426T220304Z	41c9c58cd1bfc2a42d6853268c71e53a	Edge-Triage-gemma-4-E4B-it-Q3_K_M.gguf	0.9600	163.50	3.93	50	discard	EDG-300 r1: context micro-sweep nctx 928->926 on edg299-r7 baseline | discarded: same-F1 band but slower latency (163.50 ms vs best 159.00 ms, epsilon=3.00 ms)
20260426T220403Z	472b3b537f7a5e317575909439995d09	Edge-Triage-gemma-4-E4B-it-Q3_K_M.gguf	0.8971	230.54	4.10	50	discard	EDG-300 r2: force full-MM routing for severe dt0 metadata slice | discarded: F1 below historical best (0.8971 vs 0.9600, epsilon=0.0001)
20260426T220524Z	37dd54220123c8bb3f20f9abc4c8548d	Edge-Triage-gemma-4-E4B-it-Q3_K_M.gguf	0.8922	152.98	3.88	50	discard	EDG-300 r3: reduce full-MM GEN_MAX_TOKENS 3->2 with truncated-label parser | discarded: F1 below historical best (0.8922 vs 0.9600, epsilon=0.0001)
20260426T220548Z	67c4322fe06773d0e8f5eb5bdeccdf97	Edge-Triage-gemma-4-E4B-it-Q3_K_M.gguf	0.9600	159.03	3.93	50	keep	EDG-300 r4: context micro-sweep nctx 928->927 on edg299-r7 baseline
20260426T220608Z	67c4322fe06773d0e8f5eb5bdeccdf97	Edge-Triage-gemma-4-E4B-it-Q3_K_M.gguf	0.9600	163.08	3.93	50	discard	EDG-300 r5: variance check for nctx=927 near-best latency | discarded: same-F1 band but slower latency (163.08 ms vs best 159.00 ms, epsilon=3.00 ms)
20260427T080251Z	359474c51a7c182009f5c73091567851	Edge-Triage-gemma-4-E4B-it-Q3_K_M.gguf	0.9600	161.67	3.94	50	discard	EDG-301 r1: add strict second casualty probe for unlabelled dt0 full-mm affected predictions | discarded: unchanged mismatch profile and slower latency vs best (161.67 ms vs 159.00 ms)
20260427T080314Z	359474c51a7c182009f5c73091567851	Edge-Triage-gemma-4-E4B-it-Q3_K_M.gguf	0.9600	166.38	3.95	50	discard	EDG-301 r1a audit: strict second casualty probe mismatch map | discarded: same-F1 band but slower latency (166.38 ms vs best 159.00 ms, epsilon=3.00 ms)
20260427T080546Z	4ac7b21443bf53faf60c15e99b8708a9	Edge-Triage-gemma-4-E4B-it-Q3_K_M.gguf	0.8971	294.65	4.25	50	discard	EDG-301 r2: severe dt0 uses strict casualty probe before metadata shortcut | discarded: F1 below historical best (0.8971 vs 0.9600, epsilon=0.0001)
20260427T100339Z	99979d1c30219a9168fdf512f71dd1a7	Edge-Triage-gemma-4-E4B-it-Q3_K_M.gguf	0.8971	322.89	4.29	50	discard	EDG-302 r1: severe dt0 dual-casualty confirmation probe | discarded: F1 below historical best (0.8971 vs 0.9600, epsilon=0.0001)
20260427T100517Z	0cf9759ec73b18fa7902cd4344978070	Edge-Triage-gemma-4-E4B-it-Q3_K_M.gguf	0.9600	159.54	3.93	50	keep	EDG-302 r2: context micro-sweep nctx 928->924 on edg299-r7 baseline
20260427T100539Z	b222bc558cfa1a030d59626d58c07813	Edge-Triage-gemma-4-E4B-it-Q3_K_M.gguf	0.9600	161.09	3.93	50	keep	EDG-302 r3: context micro-sweep nctx 928->922 on edg299-r7 baseline
20260427T100600Z	42e40db1d5b36490f1e5ef48f6377c7f	Edge-Triage-gemma-4-E4B-it-Q3_K_M.gguf	0.9600	162.23	3.93	50	discard	EDG-302 r4: context micro-sweep nctx 928->925 on edg299-r7 baseline | discarded: same-F1 band but slower latency (162.23 ms vs best 159.00 ms, epsilon=3.00 ms)
20260427T100623Z	e406abd92998c5d56b142cf6d2dc924b	Edge-Triage-gemma-4-E4B-it-Q3_K_M.gguf	0.9600	161.53	3.92	50	keep	EDG-302 r5: context micro-sweep nctx 928->929 on edg299-r7 baseline
20260427T120125Z	e1d457845432e7299b29f38e2da8bd2e	Edge-Triage-gemma-4-E4B-it-Q3_K_M.gguf	0.9600	163.28	3.92	50	discard	EDG-303 r1: runtime sweep n_batch 192->176 on nctx=928 baseline | discarded: same-F1 band but slower latency (163.28 ms vs best 159.00 ms, epsilon=3.00 ms)
20260427T120147Z	f81c891f958c0091ef683774589f7130	Edge-Triage-gemma-4-E4B-it-Q3_K_M.gguf	0.9600	162.43	3.96	50	discard	EDG-303 r2: runtime sweep n_batch 192->208 on nctx=928 baseline | discarded: same-F1 band but slower latency (162.43 ms vs best 159.00 ms, epsilon=3.00 ms)
20260427T120214Z	3a0846876be0f92f4969e7f260d597a6	Edge-Triage-gemma-4-E4B-it-Q3_K_M.gguf	0.9600	161.20	3.93	50	keep	EDG-303 r3: context micro-sweep nctx 928->920 on edg299-r7 baseline
20260427T120238Z	2450f502d9af93b2974910f6e9e219ba	Edge-Triage-gemma-4-E4B-it-Q3_K_M.gguf	0.9600	160.96	3.93	50	keep	EDG-303 r4: context micro-sweep nctx 928->918 on edg299-r7 baseline
20260427T120259Z	57e4cbd39eed3fcde77c1e309365b467	Edge-Triage-gemma-4-E4B-it-Q3_K_M.gguf	0.9600	161.16	3.93	50	keep	EDG-303 r5: context micro-sweep nctx 928->914 on edg299-r7 baseline
20260427T120344Z	e6f63fc0b05b4be6ae67bffe807265aa	Edge-Triage-gemma-4-E4B-it-Q3_K_M.gguf	0.9600	164.68	4.00	50	discard	EDG-303 r6: runtime sweep n_batch 192->264 to match image token slice | discarded: same-F1 band but slower latency (164.68 ms vs best 159.00 ms, epsilon=3.00 ms)
20260427T120405Z	10ff36db6a3238ccd8733eefa99534fc	Edge-Triage-gemma-4-E4B-it-Q3_K_M.gguf	0.9600	170.90	3.87	50	discard	EDG-303 r7: runtime sweep n_batch 192->128 on nctx=928 baseline | discarded: same-F1 band but slower latency (170.90 ms vs best 159.00 ms, epsilon=3.00 ms)
20260427T120430Z	12ecf7e6344463e0d46c50768e0fa13a	Edge-Triage-gemma-4-E4B-it-Q3_K_M.gguf	0.9600	161.47	3.93	50	keep	EDG-303 r8: context micro-sweep nctx 928->910 on edg299-r7 baseline
20260427T140116Z	80d2748bc7541aa581f0475b7bb9dbae	Edge-Triage-gemma-4-E4B-it-Q3_K_M.gguf	0.9600	160.01	3.93	50	keep	EDG-304 baseline audit before targeted fix
20260427T140344Z	0275015aa82cf0997177a4442a2c310a	Edge-Triage-gemma-4-E4B-it-Q3_K_M.gguf	0.8888	312.08	4.32	50	discard	EDG-304 r1: strict double-confirm for unlabelled+severe dt0 affected decisions | discarded: F1 below historical best (0.8888 vs 0.9600, epsilon=0.0001)
20260427T140456Z	a86f81ae6f95f4f9cc432a30171ac1c1	Edge-Triage-gemma-4-E4B-it-Q3_K_M.gguf	0.9794	161.94	3.94	50	keep	EDG-304 r2: strict second confirmation for unlabelled dt0 affected predictions
20260427T140654Z	50e551530c4057577db8d7013c00167c	Edge-Triage-gemma-4-E4B-it-Q3_K_M.gguf	0.9169	291.38	4.25	50	discard	EDG-304 r3: strict-only severe dt0 probe (env-enabled) | discarded: F1 below historical best (0.9169 vs 0.9794, epsilon=0.0001)
20260427T160110Z	b1429f12f0acbe7a87e1a226fdb1bb44	Edge-Triage-gemma-4-E4B-it-Q3_K_M.gguf	0.9794	163.02	3.94	50	keep	EDG-305 r1: context micro-sweep nctx 930->918 on edg304-r2 strict-confirm baseline
20260427T160138Z	6c9ca5580c4b5e368a92f85e3e3266ef	Edge-Triage-gemma-4-E4B-it-Q3_K_M.gguf	0.9794	162.26	3.94	50	keep	EDG-305 r2: context micro-sweep nctx 930->910 on edg304-r2 strict-confirm baseline
20260427T160205Z	e0d5b881bec9297986ede428e256c76c	Edge-Triage-gemma-4-E4B-it-Q3_K_M.gguf	0.9794	163.72	3.94	50	keep	EDG-305 r3: context micro-sweep nctx 930->902 on edg304-r2 strict-confirm baseline
20260427T160229Z	ba03b329e758a8ac7f26aaaec63b80f6	Edge-Triage-gemma-4-E4B-it-Q3_K_M.gguf	0.8665	157.56	3.94	50	discard	EDG-305 r4: reduce targeted probe max_tokens 3->2 with nctx=910 strict-confirm baseline | discarded: F1 below historical best (0.8665 vs 0.9794, epsilon=0.0001)
20260427T160254Z	036552f9d11cecf7436db964dbeb1a35	Edge-Triage-gemma-4-E4B-it-Q3_K_M.gguf	0.9794	164.45	3.95	50	keep	EDG-305 r5: rollback probe tokens and context micro-sweep nctx 930->914 on edg304-r2 strict-confirm baseline
20260427T160451Z	9ccd5ff54097e77033668d073f8c86b8	Edge-Triage-gemma-4-E4B-it-Q3_K_M.gguf	0.8665	157.64	3.92	50	discard	EDG-305 r6: probe max_tokens 3->2 with truncated binary parser for [yes/[no forms | discarded: F1 below historical best (0.8665 vs 0.9794, epsilon=0.0001)
20260427T160535Z	5005f5e3b2248e96bbd326891834ee4a	Edge-Triage-gemma-4-E4B-it-Q3_K_M.gguf	0.9794	161.91	3.92	50	keep	EDG-305 r7: strict-only confirmation for unlabelled dt0 affected branch; keep rescue broad probe
20260427T160554Z	5005f5e3b2248e96bbd326891834ee4a	Edge-Triage-gemma-4-E4B-it-Q3_K_M.gguf	0.9794	164.47	3.93	50	keep	EDG-305 r7a audit: variance check for strict-only unlabelled dt0 affected confirmation
20260427T180104Z	2b1fdbc250c7fda6ee276e144bbb92ba	Edge-Triage-gemma-4-E4B-it-Q3_K_M.gguf	0.9612	164.00	3.94	50	discard	EDG-306 r1: context micro-sweep nctx 930->922 on edg305-r7 strict-only unlabelled dt0 confirmation | discarded: F1 below historical best (0.9612 vs 0.9794, epsilon=0.0001)
20260427T180132Z	5005f5e3b2248e96bbd326891834ee4a	Edge-Triage-gemma-4-E4B-it-Q3_K_M.gguf	0.9794	160.46	3.93	50	keep	EDG-306 r2: baseline audit for edg305-r7 prior to further latency tuning
20260427T180301Z	f2f809d4e40568a98926207e9fd71d2d	Edge-Triage-gemma-4-E4B-it-Q3_K_M.gguf	0.9600	164.08	3.95	50	discard	EDG-306 r3: runtime sweep n_batch 192->208 on edg305-r7 baseline | discarded: F1 below historical best (0.9600 vs 0.9794, epsilon=0.0001)
20260427T180317Z	5ab533443d8ec58c1be70f227b91fb58	Edge-Triage-gemma-4-E4B-it-Q3_K_M.gguf	0.9612	162.83	3.93	50	discard	EDG-306 r4: runtime sweep n_batch 192->176 on edg305-r7 baseline | discarded: F1 below historical best (0.9612 vs 0.9794, epsilon=0.0001)
20260427T180333Z	5005f5e3b2248e96bbd326891834ee4a	Edge-Triage-gemma-4-E4B-it-Q3_K_M.gguf	0.9794	159.38	3.92	50	keep	EDG-306 r5: baseline re-audit after n_batch sweep regressions
20260427T200056Z	5005f5e3b2248e96bbd326891834ee4a	Edge-Triage-gemma-4-E4B-it-Q3_K_M.gguf	0.9794	158.61	3.93	50	keep	EDG-307 r0: baseline audit before latency-accounting fix
20260427T200139Z	d5fb9d32869ffb8899006402080e6f09	Edge-Triage-gemma-4-E4B-it-Q3_K_M.gguf	0.9794	160.56	3.93	50	keep	EDG-307 r1: increase default n_gpu_layers 46->56 for faster offload
20260427T200203Z	72bdaff2d9f9c88e704dd9eed176090a	Edge-Triage-gemma-4-E4B-it-Q3_K_M.gguf	0.9794	160.79	3.93	50	keep	EDG-307 sweep: n_gpu_layers=52 (env override)
20260427T200215Z	7fa5bdc047a12b5ee1415f7226bbceda	Edge-Triage-gemma-4-E4B-it-Q3_K_M.gguf	0.9794	165.29	3.93	50	discard	EDG-307 sweep: n_gpu_layers=50 (env override) | discarded: same-F1 band but slower latency (165.29 ms vs best 158.61 ms, epsilon=3.00 ms)
20260427T200227Z	c5438ae609c757a6eef4b99ddc3afbcd	Edge-Triage-gemma-4-E4B-it-Q3_K_M.gguf	0.9794	162.04	3.93	50	discard	EDG-307 sweep: n_gpu_layers=48 (env override) | discarded: same-F1 band but slower latency (162.04 ms vs best 158.61 ms, epsilon=3.00 ms)
20260427T200238Z	9179000be87d87cc5554cd7f8c45b07b	Edge-Triage-gemma-4-E4B-it-Q3_K_M.gguf	0.9794	161.70	3.93	50	discard	EDG-307 sweep: n_gpu_layers=44 (env override) | discarded: same-F1 band but slower latency (161.70 ms vs best 158.61 ms, epsilon=3.00 ms)
20260427T200255Z	79b10def5944337590438ba411efa022	Edge-Triage-gemma-4-E4B-it-Q3_K_M.gguf	0.9390	254.39	3.79	50	discard	EDG-307 sweep: n_gpu_layers=40 (env override) | discarded: F1 below historical best (0.9390 vs 0.9794, epsilon=0.0001)
20260427T200321Z	b50578f3dc8ce9f85470262873813c55	Edge-Triage-gemma-4-E4B-it-Q3_K_M.gguf	0.9794	163.13	3.93	50	discard	EDG-307 r2: restore default n_gpu_layers=46; retain env override sweep control | discarded: same-F1 band but slower latency (163.13 ms vs best 158.61 ms, epsilon=3.00 ms)
20260427T200432Z	6931f65a6642ade88aa88edf722af468	Edge-Triage-gemma-4-E4B-it-Q3_K_M.gguf	0.9794	161.36	3.91	50	keep	EDG-307 ctx sweep: n_ctx=936 with n_gpu_layers=46
20260427T200444Z	4d6ab23f41f06b0c4565073c8a3abe35	Edge-Triage-gemma-4-E4B-it-Q3_K_M.gguf	0.9794	158.88	3.92	50	keep	EDG-307 ctx sweep: n_ctx=934 with n_gpu_layers=46
20260427T200455Z	1d6958b5b9c07a8a7595ade0bc1fcd69	Edge-Triage-gemma-4-E4B-it-Q3_K_M.gguf	0.9794	160.48	3.93	50	keep	EDG-307 ctx sweep: n_ctx=932 with n_gpu_layers=46
20260427T200507Z	b50578f3dc8ce9f85470262873813c55	Edge-Triage-gemma-4-E4B-it-Q3_K_M.gguf	0.9794	163.43	3.93	50	discard	EDG-307 ctx sweep: n_ctx=930 with n_gpu_layers=46 | discarded: same-F1 band but slower latency (163.43 ms vs best 158.61 ms, epsilon=3.00 ms)
20260427T200518Z	de63ab0831794448c63eaea2c5a1b70f	Edge-Triage-gemma-4-E4B-it-Q3_K_M.gguf	0.9794	161.40	3.94	50	keep	EDG-307 ctx sweep: n_ctx=928 with n_gpu_layers=46
20260427T200530Z	47ff78e5ade1ae8645505e13a03df31a	Edge-Triage-gemma-4-E4B-it-Q3_K_M.gguf	0.9794	162.08	3.92	50	discard	EDG-307 ctx sweep: n_ctx=926 with n_gpu_layers=46 | discarded: same-F1 band but slower latency (162.08 ms vs best 158.61 ms, epsilon=3.00 ms)
20260427T200542Z	49cbfb12b64d106f7ee4b0f08e373b57	Edge-Triage-gemma-4-E4B-it-Q3_K_M.gguf	0.9794	158.97	3.93	50	keep	EDG-307 ctx sweep: n_ctx=924 with n_gpu_layers=46
20260427T200553Z	27914c0c8cba81a1ed8ccac5111eb3aa	Edge-Triage-gemma-4-E4B-it-Q3_K_M.gguf	0.9794	159.88	3.93	50	keep	EDG-307 ctx sweep: n_ctx=922 with n_gpu_layers=46
20260427T200605Z	70f6d7b0b6baf6df5b2e848afc5b5a2e	Edge-Triage-gemma-4-E4B-it-Q3_K_M.gguf	0.9794	162.74	3.93	50	discard	EDG-307 ctx sweep: n_ctx=920 with n_gpu_layers=46 | discarded: same-F1 band but slower latency (162.74 ms vs best 158.61 ms, epsilon=3.00 ms)
20260427T200622Z	4d6ab23f41f06b0c4565073c8a3abe35	Edge-Triage-gemma-4-E4B-it-Q3_K_M.gguf	0.9794	160.63	3.93	50	keep	EDG-307 ctx repeat: n_ctx=934 rep=1
20260427T200634Z	4d6ab23f41f06b0c4565073c8a3abe35	Edge-Triage-gemma-4-E4B-it-Q3_K_M.gguf	0.9794	160.07	3.93	50	keep	EDG-307 ctx repeat: n_ctx=934 rep=2
20260427T200645Z	4d6ab23f41f06b0c4565073c8a3abe35	Edge-Triage-gemma-4-E4B-it-Q3_K_M.gguf	0.9794	159.41	3.92	50	keep	EDG-307 ctx repeat: n_ctx=934 rep=3
20260427T200657Z	49cbfb12b64d106f7ee4b0f08e373b57	Edge-Triage-gemma-4-E4B-it-Q3_K_M.gguf	0.9794	161.13	3.93	50	keep	EDG-307 ctx repeat: n_ctx=924 rep=1
20260427T200709Z	49cbfb12b64d106f7ee4b0f08e373b57	Edge-Triage-gemma-4-E4B-it-Q3_K_M.gguf	0.9794	160.66	3.93	50	keep	EDG-307 ctx repeat: n_ctx=924 rep=2
20260427T200720Z	49cbfb12b64d106f7ee4b0f08e373b57	Edge-Triage-gemma-4-E4B-it-Q3_K_M.gguf	0.9794	160.65	3.93	50	keep	EDG-307 ctx repeat: n_ctx=924 rep=3
20260427T200739Z	0d45d4c76e70c8a55431ddb7fabba710	Edge-Triage-gemma-4-E4B-it-Q3_K_M.gguf	0.9415	164.76	3.92	50	discard	EDG-307 batch sweep: n_batch=184 with n_ctx=930,n_gpu_layers=46 | discarded: F1 below historical best (0.9415 vs 0.9794, epsilon=0.0001)
20260427T200750Z	65f368b55b5ce4a21746147432658974	Edge-Triage-gemma-4-E4B-it-Q3_K_M.gguf	0.9600	162.48	3.93	50	discard	EDG-307 batch sweep: n_batch=200 with n_ctx=930,n_gpu_layers=46 | discarded: F1 below historical best (0.9600 vs 0.9794, epsilon=0.0001)
20260427T200802Z	cc9b2c12fb0140cd5b8eed3740c48f60	Edge-Triage-gemma-4-E4B-it-Q3_K_M.gguf	0.9600	163.95	3.96	50	discard	EDG-307 batch sweep: n_batch=216 with n_ctx=930,n_gpu_layers=46 | discarded: F1 below historical best (0.9600 vs 0.9794, epsilon=0.0001)
20260427T200814Z	d34725937ae767eb7876dbfd6c93cb0b	Edge-Triage-gemma-4-E4B-it-Q3_K_M.gguf	0.9794	164.07	3.98	50	discard	EDG-307 batch sweep: n_batch=224 with n_ctx=930,n_gpu_layers=46 | discarded: same-F1 band but slower latency (164.07 ms vs best 158.61 ms, epsilon=3.00 ms)
20260427T220117Z	9e4e22e57507659e47c07b68eda5540a	Edge-Triage-gemma-4-E4B-it-Q3_K_M.gguf	0.9794	165.98	3.93	50	discard	EDG-308 r1: promote default n_ctx 930->934 from EDG-307 sweep winner | discarded: same-F1 band but slower latency (165.98 ms vs best 158.61 ms, epsilon=3.00 ms)
20260427T220155Z	db4c2fff09f41dc8fd2ae78e71976c1d	Edge-Triage-gemma-4-E4B-it-Q3_K_M.gguf	0.9794	165.20	3.93	50	discard	EDG-308 r2: promote default n_ctx 930->924 from EDG-307 repeat stability | discarded: same-F1 band but slower latency (165.20 ms vs best 158.61 ms, epsilon=3.00 ms)
20260427T220310Z	ef408dd7600de2e8d426f20d54f28c4e	Edge-Triage-gemma-4-E4B-it-Q3_K_M.gguf	0.9397	159.84	3.91	50	discard	EDG-308 r3 sweep: disable unlabelled dt0 affected confirmation probe | discarded: F1 below historical best (0.9397 vs 0.9794, epsilon=0.0001)
20260427T220355Z	984f304041d4c7f0a3899cfb595cfc74	Edge-Triage-gemma-4-E4B-it-Q3_K_M.gguf	0.9349	161.78	3.93	50	discard	EDG-308 r4: compact targeted probe prompts to reduce probe token load | discarded: F1 below historical best (0.9349 vs 0.9794, epsilon=0.0001)
20260427T220445Z	56c262b5a63832a42ad8dbb825230f34	Edge-Triage-gemma-4-E4B-it-Q3_K_M.gguf	0.9794	166.16	3.93	50	discard	EDG-308 r5: gate per-sample DEBUG print behind TRIAGE_VERBOSE_RUNTIME | discarded: same-F1 band but slower latency (166.16 ms vs best 158.88 ms, epsilon=3.00 ms)
20260427T220513Z	1201d7ada671a2773dce37929adfe086	Edge-Triage-gemma-4-E4B-it-Q3_K_M.gguf	0.9794	164.66	3.93	50	discard	EDG-308 r6 sweep: n_gpu_layers=56 on edg307-r2 baseline | discarded: same-F1 band but slower latency (164.66 ms vs best 158.88 ms, epsilon=3.00 ms)
20260427T220619Z	7329159fede50186073a6901ca0078b0	Edge-Triage-gemma-4-E4B-it-Q3_K_M.gguf	0.9612	170.20	3.94	50	discard	EDG-308 r7: add latency jitter tolerance to same-F1 keep/discard gate | discarded: F1 below historical best (0.9612 vs 0.9794, epsilon=0.0001)
20260428T080032Z	b50578f3dc8ce9f85470262873813c55	Edge-Triage-gemma-4-E4B-it-Q3_K_M.gguf	0.0000	0.00	0.00	0	skip	State hash already evaluated. Benchmark skipped.
20260428T080054Z	20432cc17934d8f69b45e915a61ed10c	Edge-Triage-gemma-4-E4B-it-Q3_K_M.gguf	0.9794	159.87	3.93	50	keep	EDG-309 r2 sweep: n_ctx=938 on edg307-r2 baseline
20260428T080108Z	34f51daf31b42cf0f173e54f3d7c12ec	Edge-Triage-gemma-4-E4B-it-Q3_K_M.gguf	0.9794	163.41	3.93	50	discard	EDG-309 r3 sweep: n_ctx=940 on edg307-r2 baseline | discarded: same-F1 band but slower latency (163.41 ms vs best 158.88 ms, epsilon=3.00 ms)
20260428T080209Z	f56b54a6550cd04da86bbcd3680a33fb	Edge-Triage-gemma-4-E4B-it-Q3_K_M.gguf	0.9794	266.46	7.79	50	discard	EDG-309 r4 sweep: n_ctx=938, n_gpu_layers=50 | discarded: same-F1 band but slower latency (266.46 ms vs best 158.88 ms, epsilon=3.00 ms)
20260428T080209Z	c45936f36071e8844ecd5c8319ab188d	Edge-Triage-gemma-4-E4B-it-Q3_K_M.gguf	0.9794	266.60	7.77	50	discard	EDG-309 r5 sweep: n_ctx=938, n_gpu_layers=56 | discarded: same-F1 band but slower latency (266.60 ms vs best 158.88 ms, epsilon=3.00 ms)
20260428T080237Z	21fc3602a91da897f0624867b3b76b1e	Edge-Triage-gemma-4-E4B-it-Q3_K_M.gguf	0.9588	157.48	3.91	50	discard	EDG-309 r6: risk-gate rescue->affected probe to explicit human-harm text in unlabelled dt0 slice | discarded: F1 below historical best (0.9588 vs 0.9794, epsilon=0.0001)
20260428T080301Z	4d6ab23f41f06b0c4565073c8a3abe35	Edge-Triage-gemma-4-E4B-it-Q3_K_M.gguf	0.9794	162.55	3.93	50	discard	EDG-309 r7 audit: force-rerun n_ctx=934 on restored edg307-r2 baseline | discarded: same-F1 band but slower latency (162.55 ms vs best 158.97 ms, epsilon=3.00 ms)
20260428T100052Z	9461a17bc57b8dc1a37b19a01b22b956	Edge-Triage-gemma-4-E4B-it-Q3_K_M.gguf	0.9390	270.19	7.75	50	discard	Benchmark completed and metrics persisted. | discarded: F1 below historical best (0.9390 vs 0.9794, epsilon=0.0001)
20260428T100052Z	921386fde0b6ef3144aaac136268f845	Edge-Triage-gemma-4-E4B-it-Q3_K_M.gguf	0.9390	270.22	7.74	50	discard	Benchmark completed and metrics persisted. | discarded: F1 below historical best (0.9390 vs 0.9794, epsilon=0.0001)
20260428T100114Z	79cf6a5343a678890c6792e9567849a9	Edge-Triage-gemma-4-E4B-it-Q3_K_M.gguf	0.9794	268.02	7.79	50	discard	Benchmark completed and metrics persisted. | discarded: same-F1 band but slower latency (268.02 ms vs best 158.97 ms, epsilon=3.00 ms)
20260428T100114Z	e40e3dbcfe02e9a65083eb6ba6ef6b4c	Edge-Triage-gemma-4-E4B-it-Q3_K_M.gguf	0.9794	268.24	7.77	50	discard	Benchmark completed and metrics persisted. | discarded: same-F1 band but slower latency (268.24 ms vs best 158.97 ms, epsilon=3.00 ms)
20260428T100155Z	b50578f3dc8ce9f85470262873813c55	Edge-Triage-gemma-4-E4B-it-Q3_K_M.gguf	0.0000	0.00	0.00	0	skip	State hash already evaluated. Benchmark skipped.
20260428T100209Z	b50578f3dc8ce9f85470262873813c55	Edge-Triage-gemma-4-E4B-it-Q3_K_M.gguf	0.9794	169.99	3.93	50	discard	EDG-310 r5: normalize latency to per-sample wall-clock timing; baseline audit on edg307-r2 logic | discarded: same-F1 band but slower latency (169.99 ms vs best 159.41 ms, epsilon=3.00 ms)
20260428T100301Z	49cbfb12b64d106f7ee4b0f08e373b57	Edge-Triage-gemma-4-E4B-it-Q3_K_M.gguf	0.9794	169.72	3.93	50	discard	EDG-310 r6 sweep: n_ctx=924 with per-sample wall-clock latency accounting | discarded: same-F1 band but slower latency (169.72 ms vs best 159.41 ms, epsilon=3.00 ms)
20260428T100323Z	20432cc17934d8f69b45e915a61ed10c	Edge-Triage-gemma-4-E4B-it-Q3_K_M.gguf	0.9794	276.15	7.77	50	discard	EDG-310 r8 sweep: n_ctx=938 with per-sample wall-clock latency accounting | discarded: same-F1 band but slower latency (276.15 ms vs best 159.41 ms, epsilon=3.00 ms)
20260428T100323Z	957ae8c875a5ed8c4b4b6b7eda725f8e	Edge-Triage-gemma-4-E4B-it-Q3_K_M.gguf	0.9794	276.38	7.76	50	discard	EDG-310 r7 sweep: n_ctx=930 with per-sample wall-clock latency accounting | discarded: same-F1 band but slower latency (276.38 ms vs best 159.41 ms, epsilon=3.00 ms)
20260428T100338Z	b50578f3dc8ce9f85470262873813c55	Edge-Triage-gemma-4-E4B-it-Q3_K_M.gguf	0.9794	165.65	3.93	50	discard	EDG-310 r7a rerun: n_ctx=930 sequential rerun after parallel contention | discarded: same-F1 band but slower latency (165.65 ms vs best 159.87 ms, epsilon=3.00 ms)
20260428T100352Z	20432cc17934d8f69b45e915a61ed10c	Edge-Triage-gemma-4-E4B-it-Q3_K_M.gguf	0.9794	165.03	3.93	50	discard	EDG-310 r8a rerun: n_ctx=938 sequential rerun after parallel contention | discarded: same-F1 band but slower latency (165.03 ms vs best 159.87 ms, epsilon=3.00 ms)
20260428T100427Z	20432cc17934d8f69b45e915a61ed10c	Edge-Triage-gemma-4-E4B-it-Q3_K_M.gguf	0.9794	165.81	3.93	50	keep	[latv2] EDG-310 r9 validation: n_ctx=938 with latency-versioned keep/discard gate
20260428T100449Z	7090900266c96125d50b18900e064681	Edge-Triage-gemma-4-E4B-it-Q3_K_M.gguf	0.9794	164.30	3.91	50	keep	[latv2] EDG-310 r10 promote: default n_ctx=938 with latv2-gated latency comparator
20260428T120037Z	7090900266c96125d50b18900e064681	Edge-Triage-gemma-4-E4B-it-Q3_K_M.gguf	0.0000	0.00	0.00	0	skip	State hash already evaluated. Benchmark skipped.
20260428T120052Z	7090900266c96125d50b18900e064681	Edge-Triage-gemma-4-E4B-it-Q3_K_M.gguf	0.9794	164.95	3.92	50	keep	[latv2] EDG-311 r1b: force-rerun baseline with full_mm debug print gated by TRIAGE_VERBOSE_RUNTIME
20260428T120135Z	d2b2f98bf1e0a5ca72f578d31e215645	Edge-Triage-gemma-4-E4B-it-Q3_K_M.gguf	0.9794	170.04	3.92	50	discard	[latv2] EDG-311 r2 sweep: n_batch=176 on latv2 n_ctx=938 baseline | discarded: same-F1 band but slower latency (170.04 ms vs best 164.30 ms, epsilon=3.00 ms)
20260428T120147Z	7090900266c96125d50b18900e064681	Edge-Triage-gemma-4-E4B-it-Q3_K_M.gguf	0.9794	167.54	3.93	50	discard	[latv2] EDG-311 r2 sweep: n_batch=192 on latv2 n_ctx=938 baseline | discarded: same-F1 band but slower latency (167.54 ms vs best 164.30 ms, epsilon=3.00 ms)
20260428T120158Z	a375828ec0fb18994e3a86b0f09d88c0	Edge-Triage-gemma-4-E4B-it-Q3_K_M.gguf	0.9600	168.04	3.95	50	discard	[latv2] EDG-311 r2 sweep: n_batch=208 on latv2 n_ctx=938 baseline | discarded: F1 below historical best (0.9600 vs 0.9794, epsilon=0.0001)
20260428T120217Z	96e8a9ad2cbf2d188583a55a637308d3	Edge-Triage-gemma-4-E4B-it-Q3_K_M.gguf	0.9794	166.75	3.93	50	keep	[latv2] EDG-311 r3 probe: n_ctx=934 recheck on latv2 baseline
20260428T140030Z	7090900266c96125d50b18900e064681	Edge-Triage-gemma-4-E4B-it-Q3_K_M.gguf	0.0000	0.00	0.00	0	skip	State hash already evaluated. Benchmark skipped.
20260428T140045Z	7090900266c96125d50b18900e064681	Edge-Triage-gemma-4-E4B-it-Q3_K_M.gguf	0.9794	167.45	3.92	50	discard	[latv2] EDG-312 r1b: force-rerun latv2 baseline with gpu-layer env override + compact bracket parser | discarded: same-F1 band but slower latency (167.45 ms vs best 164.30 ms, epsilon=3.00 ms)
20260428T140110Z	ae0b7f4820b98efd464d59cb121a8ebf	Edge-Triage-gemma-4-E4B-it-Q3_K_M.gguf	0.9794	166.64	3.93	50	keep	[latv2] EDG-312 r2 sweep: n_gpu_layers=44 on latv2 n_ctx=938 baseline
20260428T140127Z	2d5c088c86900328d4f81e004d5e73b7	Edge-Triage-gemma-4-E4B-it-Q3_K_M.gguf	0.9794	164.89	3.93	50	keep	[latv2] EDG-312 r3 sweep: n_gpu_layers=48 on latv2 n_ctx=938 baseline
20260428T140148Z	58e32b23550f5cee3dae8c2c291736f3	Edge-Triage-gemma-4-E4B-it-Q3_K_M.gguf	0.9794	165.72	3.92	50	keep	[latv2] EDG-312 r4 sweep: n_gpu_layers=50 on latv2 n_ctx=938 baseline
20260428T140241Z	8849c538cb67ec90db96ee5cc7d5b97f	Edge-Triage-gemma-4-E4B-it-Q3_K_M.gguf	0.8665	164.12	3.93	50	discard	[latv2] EDG-312 r5: default targeted probe max_tokens=2 with truncation parser | discarded: F1 below historical best (0.8665 vs 0.9794, epsilon=0.0001)
20260428T140308Z	0525f09fedaefb2c6e421840b5ec771f	Edge-Triage-gemma-4-E4B-it-Q3_K_M.gguf	0.9344	170.73	3.93	50	discard	[latv2] EDG-312 r6: shorten targeted probe prompts with max_tokens=3 restored | discarded: F1 below historical best (0.9344 vs 0.9794, epsilon=0.0001)
20260428T140330Z	7090900266c96125d50b18900e064681	Edge-Triage-gemma-4-E4B-it-Q3_K_M.gguf	0.9794	166.50	3.93	50	keep	[latv2] EDG-312 r7 restore-check: revert failed probe experiments to edg310-r9 baseline
20260428T160051Z	68edbeff3208309a658e6fbcef5ce72f	Edge-Triage-gemma-4-E4B-it-Q3_K_M.gguf	0.9794	164.93	3.93	50	keep	[latv2] EDG-313 r1 sweep: n_gpu_layers=52 on latv2 n_ctx=938 baseline
20260428T160107Z	122374768d955ccc95cc51eefc59890c	Edge-Triage-gemma-4-E4B-it-Q3_K_M.gguf	0.9397	152.85	3.90	50	discard	[latv2] EDG-313 r2 probe: disable unlabelled dt0 affected confirmation probe | discarded: F1 below historical best (0.9397 vs 0.9794, epsilon=0.0001)
20260428T160124Z	c1f18d1af7bca811f502354b6de84636	Edge-Triage-gemma-4-E4B-it-Q3_K_M.gguf	0.9794	172.67	4.01	50	discard	[latv2] EDG-313 r3 sweep: n_batch=256 on latv2 n_ctx=938 gpu46 baseline | discarded: same-F1 band but slower latency (172.67 ms vs best 164.30 ms, epsilon=3.00 ms)
20260428T160216Z	7090900266c96125d50b18900e064681	Edge-Triage-gemma-4-E4B-it-Q3_K_M.gguf	0.9794	165.13	3.93	50	keep	[latv2] EDG-313 r4 instrumentation: unlabelled-dt0 confusion and route telemetry
20260428T180053Z	7090900266c96125d50b18900e064681	Edge-Triage-gemma-4-E4B-it-Q3_K_M.gguf	0.9794	164.64	3.93	50	keep	[latv2] EDG-314 r1: validate combined latency-accounting + dt0 telemetry + streamlined affected probe gating
20260428T180116Z	1096bfec75585e21adac39e58a83a571	Edge-Triage-gemma-4-E4B-it-Q3_K_M.gguf	0.9794	166.23	3.93	50	keep	[latv2] EDG-314 r2 sweep: n_gpu_layers=54 on latv2 n_ctx=938 baseline
20260428T180210Z	535e1589894ce97449de3b9edeb99bea	Edge-Triage-gemma-4-E4B-it-Q3_K_M.gguf	0.9390	229.02	3.88	50	discard	[latv2] EDG-314 r3 sweep: n_gpu_layers=42 on latv2 n_ctx=938 baseline | discarded: F1 below historical best (0.9390 vs 0.9794, epsilon=0.0001)
20260428T180227Z	7090900266c96125d50b18900e064681	Edge-Triage-gemma-4-E4B-it-Q3_K_M.gguf	0.9794	164.57	3.93	50	keep	[latv2] EDG-314 r4 restore-check: return to n_gpu_layers=46 after r3 regression
20260428T200147Z	2f90db9cebaef9843040a881f3623675598b3cb40300a814001ea40d9012f792	Edge-Triage-gemma-4-E4B-it-Q3_K_M.gguf	0.9794	166.96	3.92	50	keep	[latv2] [latv2] EDG-315 r1: strengthen state hash to full-content sha256
20260429T080112Z	4ffa6677a162b5632996e668571808e715c05db8e53dfb69794299ea6168c39d	Edge-Triage-gemma-4-E4B-it-Q3_K_M.gguf	0.9415	184.44	3.93	50	discard	[latv2] EDG-317 r1 sweep: n_batch=184 on n_ctx=938 gpu46 baseline | discarded: F1 below historical best (0.9415 vs 0.9794, epsilon=0.0001)
20260429T080135Z	55779e2f5028d299074313e4af6d2710bfff7749e942424caf885d4889f95fda	Edge-Triage-gemma-4-E4B-it-Q3_K_M.gguf	0.9794	164.82	3.93	50	keep	[latv2] EDG-317 r2 sweep: n_ctx=936 on gpu46 n_batch=192 baseline
20260429T080216Z	d2863298b41b5fe5e3240cfc35b8ac274172d51def1f6ece3af5f1d695897acd	Edge-Triage-gemma-4-E4B-it-Q3_K_M.gguf	0.9794	276.23	7.79	50	discard	[latv2] EDG-317 r4 sweep: n_ctx=937 on gpu46 n_batch=192 baseline | discarded: same-F1 band but slower latency (276.23 ms vs best 164.30 ms, epsilon=3.00 ms)
20260429T080216Z	2716a91387f08e018c641cdc969c98855ff2559e7cbeb3f087a7bf0413f68b1f	Edge-Triage-gemma-4-E4B-it-Q3_K_M.gguf	0.9794	276.52	7.77	50	discard	[latv2] EDG-317 r3 sweep: n_ctx=935 on gpu46 n_batch=192 baseline | discarded: same-F1 band but slower latency (276.52 ms vs best 164.30 ms, epsilon=3.00 ms)
20260429T080230Z	55779e2f5028d299074313e4af6d2710bfff7749e942424caf885d4889f95fda	Edge-Triage-gemma-4-E4B-it-Q3_K_M.gguf	0.0000	0.00	0.00	0	skip	State hash already evaluated. Benchmark skipped.
20260429T080247Z	55779e2f5028d299074313e4af6d2710bfff7749e942424caf885d4889f95fda	Edge-Triage-gemma-4-E4B-it-Q3_K_M.gguf	0.9794	166.29	3.94	50	keep	[latv2] EDG-317 r5b recheck: n_ctx=936 forced single-run stability validation
20260429T100101Z	2f90db9cebaef9843040a881f3623675598b3cb40300a814001ea40d9012f792	Edge-Triage-gemma-4-E4B-it-Q3_K_M.gguf	0.0000	0.00	0.00	0	skip	State hash already evaluated. Benchmark skipped.
20260429T100117Z	2f90db9cebaef9843040a881f3623675598b3cb40300a814001ea40d9012f792	Edge-Triage-gemma-4-E4B-it-Q3_K_M.gguf	0.9794	166.77	3.92	50	keep	[latv2] EDG-318 r1b: force-rerun sha256 full-content state hash + latency tag dedupe
20260429T100211Z	c428f82bcd2cd35495cd8197c80249aff1f2a752e0c740b03cf69097e9282693	Edge-Triage-gemma-4-E4B-it-Q3_K_M.gguf	0.9794	166.02	3.92	50	keep	[latv2] EDG-318 r2 sweep: n_ctx=936 n_gpu_layers=48 on latv2 baseline
20260429T100234Z	e8414b283464c6db64fa3ca0cde67e8c77b472fdd424dc893923c3cfe6aa40e2	Edge-Triage-gemma-4-E4B-it-Q3_K_M.gguf	0.9794	262.75	7.76	50	discard	[latv2] EDG-318 r3 sweep: n_ctx=936 n_gpu_layers=50 on latv2 baseline | discarded: same-F1 band but slower latency (262.75 ms vs best 164.57 ms, epsilon=3.00 ms)
20260429T100234Z	6de6dc257bca2b269698185ef4bc190898a18baee74aeb7a725d0d581f290c42	Edge-Triage-gemma-4-E4B-it-Q3_K_M.gguf	0.9612	264.92	5.20	50	discard	[latv2] EDG-318 r4 sweep: n_ctx=936 n_batch=176 on latv2 baseline | discarded: F1 below historical best (0.9612 vs 0.9794, epsilon=0.0001)
20260429T120606Z	2f90db9cebaef9843040a881f3623675598b3cb40300a814001ea40d9012f792	Edge-Triage-gemma-4-E4B-it-Q3_K_M.gguf	0.9794	170.27	3.94	50	discard	[latv2] EDG-319 r1c: single-run baseline rerun after clearing CPU-fallback contention | discarded: same-F1 band but slower latency (170.27 ms vs best 164.57 ms, epsilon=3.00 ms)
20260429T120622Z	25ab2cbdad62e669b777b74f8f5bd78cede3740c4bc20d055285c30903b45dde	Edge-Triage-gemma-4-E4B-it-Q3_K_M.gguf	0.9794	170.13	3.93	50	discard	[latv2] EDG-319 r2: n_gpu_layers=48 follow-up after baseline stability rerun | discarded: same-F1 band but slower latency (170.13 ms vs best 164.57 ms, epsilon=3.00 ms)
20260429T140520Z	190e9814faca7bbb613bd60872f3844258597c4582d5a2a47d238527a0c9dd01	Edge-Triage-gemma-4-E4B-it-Q3_K_M.gguf	0.9572	5645.60	0.00	50	discard	[latv2] EDG-320 r1: validate sha256 full-content state hash + latency tag dedupe stability | discarded: F1 below historical best (0.9572 vs 0.9794, epsilon=0.0001)
20260429T140741Z	2f90db9cebaef9843040a881f3623675598b3cb40300a814001ea40d9012f792	Edge-Triage-gemma-4-E4B-it-Q3_K_M.gguf	0.0000	0.00	0.00	0	skip	State hash already evaluated. Benchmark skipped.
20260429T140756Z	2f90db9cebaef9843040a881f3623675598b3cb40300a814001ea40d9012f792	Edge-Triage-gemma-4-E4B-it-Q3_K_M.gguf	0.9794	164.66	3.93	50	keep	[latv2] EDG-320 r2b: forced rerun to verify guarded CPU-benchmark short-circuit
20260429T160034Z	62eec93ce5fee0eacab513e8b743280ab1d26561c4c21a780909947de6d5c45c	Edge-Triage-gemma-4-E4B-it-Q3_K_M.gguf	0.0000	0.00	0.00	0	blocked	EDG-321 r1 sweep: n_batch=200 on latv2 n_ctx=938 gpu46 baseline | blocked: pre-import low-VRAM CPU guard active; skipped guarded CPU benchmark to preserve loop throughput. Rerun with >= 3000 MiB free VRAM or set TRIAGE_ALLOW_GUARDED_CPU_BENCHMARK=1.
20260429T160513Z	e4e0ab7cab20bcf64b3e0ab2b4d335f0450806af6e468340f7f5d6acf975f038	Edge-Triage-gemma-4-E4B-it-Q3_K_M.gguf	0.9600	167.76	3.95	50	discard	[latv2] EDG-321 r3: guarded CPU fallback sample-cap validation | discarded: F1 below historical best (0.9600 vs 0.9794, epsilon=0.0001)
20260429T160544Z	48e1bf2a83cfa590b1f4a624f990315e192feb237c3a8393585cd9682e261734	Edge-Triage-gemma-4-E4B-it-Q3_K_M.gguf	0.8717	295.34	4.20	50	discard	[latv2] EDG-321 r4: enable DT0 severe probe on latv2 baseline | discarded: F1 below historical best (0.8717 vs 0.9794, epsilon=0.0001)
20260429T180252Z	919971718430d7eb69ee9a3bfef0bed1edcbed39096aba073d2564d589d99bf5	Edge-Triage-gemma-4-E4B-it-Q3_K_M.gguf	0.0000	0.00	0.00	0	blocked	EDG-322 A/B baseline: probe budget 0 (uncapped) | blocked: runtime low-VRAM CPU fallback active; skipped guarded CPU benchmark to preserve loop throughput. Rerun with more free VRAM or set TRIAGE_ALLOW_GUARDED_CPU_BENCHMARK=1.
20260429T180304Z	c24031ba02031c3d404abae44007dae4ff7609f90fecc5f6471d436941b16f0e	Edge-Triage-gemma-4-E4B-it-Q3_K_M.gguf	0.0000	0.00	0.00	0	blocked	EDG-322 A/B baseline: probe budget 0 (uncapped), vram-threshold2000 | blocked: runtime low-VRAM CPU fallback active; skipped guarded CPU benchmark to preserve loop throughput. Rerun with more free VRAM or set TRIAGE_ALLOW_GUARDED_CPU_BENCHMARK=1.
20260429T180428Z	c24031ba02031c3d404abae44007dae4ff7609f90fecc5f6471d436941b16f0e	Edge-Triage-gemma-4-E4B-it-Q3_K_M.gguf	0.9612	1088.69	11.53	50	discard	[latv2] EDG-322 A/B baseline: probe budget 0 (uncapped), runtime-threshold2000 | discarded: F1 below historical best (0.9612 vs 0.9794, epsilon=0.0001)
20260429T180524Z	7c7a46ae7e903677ce9559166ff33c8a7770d044c936fedce34f7415dec1d322	Edge-Triage-gemma-4-E4B-it-Q3_K_M.gguf	0.9390	980.11	1.77	50	discard	[latv2] EDG-322 A/B variant: probe budget 8, runtime-threshold2000 | discarded: F1 below historical best (0.9390 vs 0.9794, epsilon=0.0001)
20260429T200057Z	24be4d8f50b8389582fb1b12e08bec32ccf86dd2fd0f44b96b841d07014f690e	Edge-Triage-gemma-4-E4B-it-Q3_K_M.gguf	0.9794	165.76	3.94	50	keep	[latv2] EDG-323 r1: guard reduced-gpu low-vram fallback from non-comparable full eval
20260429T200142Z	9b62cf8652de5244cee19b15797d11a7145ed211173f787192329431317f2966	Edge-Triage-gemma-4-E4B-it-Q3_K_M.gguf	0.0000	0.00	0.00	0	blocked	EDG-323 r2: forced low-vram reduced-gpu guard validation | blocked: pre-import low-VRAM CPU guard active; skipped guarded CPU benchmark to preserve loop throughput. Rerun with >= 3000 MiB free VRAM or set TRIAGE_ALLOW_GUARDED_CPU_BENCHMARK=1.
20260429T220109Z	9d3a95cfabf954e5d323a6df96dfcc3120309189b8a92b7c9d292493f5c2b7c0	Edge-Triage-gemma-4-E4B-it-Q3_K_M.gguf	0.9794	164.85	3.93	50	keep	[latv2] Benchmark completed and metrics persisted.
20260429T220151Z	610a2ed4e19c2541ae01495b679d0e8272c4b01dae441f6fd65a4c657b6bc747	Edge-Triage-gemma-4-E4B-it-Q3_K_M.gguf	0.0000	0.00	0.00	0	blocked	Benchmark completed and metrics persisted. | blocked: runtime low-VRAM CPU fallback active; skipped guarded CPU benchmark to preserve loop throughput. Rerun with more free VRAM or set TRIAGE_ALLOW_GUARDED_CPU_BENCHMARK=1.
20260429T220210Z	610a2ed4e19c2541ae01495b679d0e8272c4b01dae441f6fd65a4c657b6bc747	Edge-Triage-gemma-4-E4B-it-Q3_K_M.gguf	0.9572	156.75	7.48	50	discard	[latv2] Benchmark completed and metrics persisted. | discarded: F1 below historical best (0.9572 vs 0.9794, epsilon=0.0001)
20260430T080058Z	9d3a95cfabf954e5d323a6df96dfcc3120309189b8a92b7c9d292493f5c2b7c0	Edge-Triage-gemma-4-E4B-it-Q3_K_M.gguf	0.9794	165.97	3.93	50	keep	[latv2] EDG-325 r1 baseline audit for routing target
20260430T080136Z	3ab46f0d38e811263c93f6ce4c6a3c3a10032f75d5057016f6b29e77bbe75e3d	Edge-Triage-gemma-4-E4B-it-Q3_K_M.gguf	0.9189	166.74	3.93	50	discard	[latv2] EDG-325 r2: compact targeted-probe yes-no prompts | discarded: F1 below historical best (0.9189 vs 0.9794, epsilon=0.0001)
20260430T080258Z	89685ea650f9dc49ee097abfd6f32b6f13e64eaa3b4be34f4c879beccf401f40	Edge-Triage-gemma-4-E4B-it-Q3_K_M.gguf	0.9169	312.31	4.25	50	discard	[latv2] EDG-325 r3: dt0 severe uses strict affected probe before metadata fallback | discarded: F1 below historical best (0.9169 vs 0.9794, epsilon=0.0001)
20260430T080324Z	9d3a95cfabf954e5d323a6df96dfcc3120309189b8a92b7c9d292493f5c2b7c0	Edge-Triage-gemma-4-E4B-it-Q3_K_M.gguf	0.9794	165.61	3.93	50	keep	[latv2] EDG-325 r4: baseline variance rerun after r3 regression
20260430T100153Z	9d3a95cfabf954e5d323a6df96dfcc3120309189b8a92b7c9d292493f5c2b7c0	Edge-Triage-gemma-4-E4B-it-Q3_K_M.gguf	0.0000	0.00	0.00	0	skip	State hash already evaluated. Benchmark skipped.
20260430T100217Z	c8c753165ebb228336e1c406181c743f2a3fa1a4f7ea858eafc38ca42264d5e2	Edge-Triage-gemma-4-E4B-it-Q3_K_M.gguf	0.9572	153.06	3.89	50	discard	[latv2] EDG-326 r1: probe-budget=8 validation on guarded baseline | discarded: F1 below historical best (0.9572 vs 0.9794, epsilon=0.0001)
20260430T120049Z	a6796244c2560c617f1ac533891453f78face8b6b1146ad0e3739017437f9262	Edge-Triage-gemma-4-E4B-it-Q3_K_M.gguf	0.9794	163.41	3.93	50	keep	[latv2] EDG-327 r1 sweep: n_ctx=934 on gpu46 n_batch=192 baseline
20260430T120109Z	dc14d9de841a7d683af3ea81fb092123229e2bacb8657775d0c26e0e9971700c	Edge-Triage-gemma-4-E4B-it-Q3_K_M.gguf	0.9794	165.64	3.92	50	keep	[latv2] EDG-327 r2 sweep: n_ctx=932 on gpu46 n_batch=192 baseline
20260430T120132Z	e30a25ab0ea48e5e9388c7ac6cb4de055a476147b6654885e776e2b7f95d351c	Edge-Triage-gemma-4-E4B-it-Q3_K_M.gguf	0.9794	164.78	3.93	50	keep	[latv2] EDG-327 r3 sweep: n_ctx=930 on gpu46 n_batch=192 baseline
20260430T120159Z	3b67876dac40f66d982b67d52a88a7cee1693aea68b60b96f30d36eb84320eaf	Edge-Triage-gemma-4-E4B-it-Q3_K_M.gguf	0.9794	163.86	3.92	50	keep	[latv2] EDG-327 r4 promote: set default n_ctx=934 + signature refresh
20260430T120229Z	79b3a1f5fceab44961bf26c96e784a4483413fbdf1e9eb176a179547d0925d29	Edge-Triage-gemma-4-E4B-it-Q3_K_M.gguf	0.9600	166.86	3.95	50	discard	[latv2] EDG-327 r5 sweep: n_batch=208 on n_ctx=934 gpu46 baseline | discarded: F1 below historical best (0.9600 vs 0.9794, epsilon=0.0001)
20260430T120245Z	6c3884e210ed37b7cfd2bf61106f7b91bcc2e4dd01a6aa6752fa9b94f93794e6	Edge-Triage-gemma-4-E4B-it-Q3_K_M.gguf	0.9794	171.93	3.92	50	discard	[latv2] EDG-327 r6 sweep: n_batch=176 on n_ctx=934 gpu46 baseline | discarded: same-F1 band but slower latency (171.93 ms vs best 163.41 ms, epsilon=3.00 ms)
20260430T120303Z	a364f6b93174fb8d7e20de7af9c9e93577142acd2883c10392b835a72e1449e2	Edge-Triage-gemma-4-E4B-it-Q3_K_M.gguf	0.9794	170.93	3.93	50	discard	[latv2] EDG-327 r7 sweep: n_gpu_layers=47 on n_ctx=934 n_batch=192 baseline | discarded: same-F1 band but slower latency (170.93 ms vs best 163.41 ms, epsilon=3.00 ms)
20260430T140109Z	97c45354fb66a761e427bc98a1d77137dde3b23e84f4ab77a1980316afe252a6	Edge-Triage-gemma-4-E4B-it-Q3_K_M.gguf	0.9612	171.36	3.93	50	discard	[latv2] EDG-328 r1 sweep: n_ctx=936 on gpu46 n_batch=192 baseline | discarded: F1 below historical best (0.9612 vs 0.9794, epsilon=0.0001)
20260430T140148Z	fc6ccb5489b7308485efa6f95dfc25891849af11510eafb884e2dd3b6c167edd	Edge-Triage-gemma-4-E4B-it-Q3_K_M.gguf	0.9794	169.44	3.98	50	discard	[latv2] EDG-328 r2 sweep: n_batch=224 on n_ctx=934 gpu46 baseline | discarded: same-F1 band but slower latency (169.44 ms vs best 163.41 ms, epsilon=3.00 ms)
20260430T140230Z	932bad0866713d8bd62e4169efd8f9c889792a6dbad9a854e86cae16fe59fb7f	Edge-Triage-gemma-4-E4B-it-Q3_K_M.gguf	0.9415	176.17	3.93	50	discard	[latv2] EDG-328 r3 sweep: n_batch=184 on n_ctx=934 gpu46 baseline | discarded: F1 below historical best (0.9415 vs 0.9794, epsilon=0.0001)
20260430T140254Z	609ac93f1f33b1083e4422a51f48c9dcab4a0a5f5062e04dc4e4b0c56898532d	Edge-Triage-gemma-4-E4B-it-Q3_K_M.gguf	0.9600	167.22	3.95	50	discard	[latv2] EDG-328 r4 sweep: n_batch=200 on n_ctx=934 gpu46 baseline | discarded: F1 below historical best (0.9600 vs 0.9794, epsilon=0.0001)
20260430T140321Z	04dc08b98b1d59c1de04053da6588c95cb3f287df67a7e3ef543813f6e028802	Edge-Triage-gemma-4-E4B-it-Q3_K_M.gguf	0.9794	165.52	3.93	50	keep	[latv2] EDG-328 r5: relax shortcut guard max ratio to 0.92
20260430T140347Z	00193c95d203981a56cda8a8b609637c299c74c97aab1084b53d36e1b03467cf	Edge-Triage-gemma-4-E4B-it-Q3_K_M.gguf	0.9794	169.41	3.92	50	discard	[latv2] EDG-328 r6: relax shortcut guard max ratio to 0.94 | discarded: same-F1 band but slower latency (169.41 ms vs best 163.41 ms, epsilon=3.00 ms)
20260430T160059Z	cab906b2522660d3a3a9e22ed7f3bda8b1aefd318ffa8961d0afd8bd1d21ad0b	Edge-Triage-gemma-4-E4B-it-Q3_K_M.gguf	0.9572	147.77	4.08	50	discard	[latv2] EDG-329 r1: cap targeted probes at 8 per bucket | discarded: F1 below historical best (0.9572 vs 0.9794, epsilon=0.0001)
20260430T160117Z	f8043ca19b390a7156881a0d82cb4ae82a94dc9d2aa17112fcd99dfcf9bf1331	Edge-Triage-gemma-4-E4B-it-Q3_K_M.gguf	0.9794	165.14	4.12	50	keep	[latv2] EDG-329 r2: cap targeted probes at 18 per bucket
20260430T160201Z	c5b20b74efad85edbe3c7f2693f2c0d02a38a3bea941e18c2db655a4b0f187ab	Edge-Triage-gemma-4-E4B-it-Q3_K_M.gguf	0.9794	168.32	4.11	50	discard	[latv2] EDG-329 sweep: cap targeted probes at 14 per bucket | discarded: same-F1 band but slower latency (168.32 ms vs best 163.41 ms, epsilon=3.00 ms)
20260430T160213Z	cd5c37c051bfb22e3355afea7f97f4c97b599529346fb0619d941d7410b5ad5f	Edge-Triage-gemma-4-E4B-it-Q3_K_M.gguf	0.9794	164.96	4.11	50	keep	[latv2] EDG-329 sweep: cap targeted probes at 15 per bucket
20260430T160224Z	c2f0623e2f7ce59af73bcdd044c6ed78a65d99f1086ee86063d9de124858a1ce	Edge-Triage-gemma-4-E4B-it-Q3_K_M.gguf	0.9794	164.67	4.12	50	keep	[latv2] EDG-329 sweep: cap targeted probes at 16 per bucket
20260430T160236Z	eeed0103c86769c3c7a924f8264a90beb98c61adaa94592491ac5200f75f6bbc	Edge-Triage-gemma-4-E4B-it-Q3_K_M.gguf	0.9794	165.37	4.12	50	keep	[latv2] EDG-329 sweep: cap targeted probes at 17 per bucket
20260430T160300Z	765160cd4af46afc22016506e428bcb1af2d8f8dcf4bc4e154d09beb3c352db8	Edge-Triage-gemma-4-E4B-it-Q3_K_M.gguf	0.9572	152.87	4.09	50	discard	[latv2] EDG-329 sweep2: cap targeted probes at 9 per bucket | discarded: F1 below historical best (0.9572 vs 0.9794, epsilon=0.0001)
20260430T160311Z	da68ca447981a6d149d9861f989652f84d05519436a6343a5cc1f2fd1a527611	Edge-Triage-gemma-4-E4B-it-Q3_K_M.gguf	0.9572	155.16	4.09	50	discard	[latv2] EDG-329 sweep2: cap targeted probes at 10 per bucket | discarded: F1 below historical best (0.9572 vs 0.9794, epsilon=0.0001)
20260430T160323Z	8b0d7765dc8de0b64928c7b7ab37ec3ad10816cfdc6f7eac9e9639d2d603ee93	Edge-Triage-gemma-4-E4B-it-Q3_K_M.gguf	0.9794	160.74	4.11	50	keep	[latv2] EDG-329 sweep2: cap targeted probes at 11 per bucket
20260430T160334Z	0beaa81e98242d17197f68945e7a4fd98d837b881bb56f94616488ab71ef532d	Edge-Triage-gemma-4-E4B-it-Q3_K_M.gguf	0.9794	166.41	4.12	50	discard	[latv2] EDG-329 sweep2: cap targeted probes at 12 per bucket | discarded: same-F1 band but slower latency (166.41 ms vs best 160.74 ms, epsilon=3.00 ms)
20260430T160346Z	cbf73744585973c3d60aebd8591e0afb3da18a21a5b17cda85b82818273de5ec	Edge-Triage-gemma-4-E4B-it-Q3_K_M.gguf	0.9794	164.74	4.12	50	discard	[latv2] EDG-329 sweep2: cap targeted probes at 13 per bucket | discarded: same-F1 band but slower latency (164.74 ms vs best 160.74 ms, epsilon=3.00 ms)
20260430T180101Z	2de7702422d3effe8fbe1a6c38a274b18b2cccae9da5d6a37df5360f335684b4	Edge-Triage-gemma-4-E4B-it-Q3_K_M.gguf	0.9794	170.91	10.16	50	discard	[latv2] EDG-330 r1 probe-budget11 hash-hardening cpu-guard-cap | discarded: same-F1 band but slower latency (170.91 ms vs best 160.74 ms, epsilon=3.00 ms)
20260430T180152Z	2de7702422d3effe8fbe1a6c38a274b18b2cccae9da5d6a37df5360f335684b4	Edge-Triage-gemma-4-E4B-it-Q3_K_M.gguf	0.0000	0.00	0.00	0	skip	State hash already evaluated. Benchmark skipped.
20260430T180154Z	2de7702422d3effe8fbe1a6c38a274b18b2cccae9da5d6a37df5360f335684b4	Edge-Triage-gemma-4-E4B-it-Q3_K_M.gguf	0.0000	0.00	0.00	0	skip	State hash already evaluated. Benchmark skipped.
20260430T180156Z	2de7702422d3effe8fbe1a6c38a274b18b2cccae9da5d6a37df5360f335684b4	Edge-Triage-gemma-4-E4B-it-Q3_K_M.gguf	0.0000	0.00	0.00	0	skip	State hash already evaluated. Benchmark skipped.
20260430T180218Z	2de7702422d3effe8fbe1a6c38a274b18b2cccae9da5d6a37df5360f335684b4	Edge-Triage-gemma-4-E4B-it-Q3_K_M.gguf	0.9794	162.02	10.16	50	keep	[latv2] EDG-330 r3 forced-repeat1 budget11 variance-check
20260430T180229Z	2de7702422d3effe8fbe1a6c38a274b18b2cccae9da5d6a37df5360f335684b4	Edge-Triage-gemma-4-E4B-it-Q3_K_M.gguf	0.9794	161.69	10.16	50	keep	[latv2] EDG-330 r3 forced-repeat2 budget11 variance-check
20260430T200206Z	2de7702422d3effe8fbe1a6c38a274b18b2cccae9da5d6a37df5360f335684b4	Edge-Triage-gemma-4-E4B-it-Q3_K_M.gguf	0.9794	169.04	3.84	50	discard	[latv2] EDG-331 r1: process-scoped VRAM accounting for shared GPU hosts | discarded: same-F1 band but slower latency (169.04 ms vs best 160.74 ms, epsilon=3.00 ms)
20260430T200302Z	2de7702422d3effe8fbe1a6c38a274b18b2cccae9da5d6a37df5360f335684b4	Edge-Triage-gemma-4-E4B-it-Q3_K_M.gguf	0.9794	163.29	3.84	50	keep	[latv2] EDG-331 r2 forced-repeat1 process-vram variance-check
20260430T200314Z	2de7702422d3effe8fbe1a6c38a274b18b2cccae9da5d6a37df5360f335684b4	Edge-Triage-gemma-4-E4B-it-Q3_K_M.gguf	0.9794	163.80	3.84	50	discard	[latv2] EDG-331 r3 forced-repeat2 process-vram variance-check | discarded: same-F1 band but slower latency (163.80 ms vs best 160.74 ms, epsilon=3.00 ms)
20260430T200357Z	02c2d8bdce58a7b451b1427dcde64738e3fd8cc19dd34b6f29fbf576114d9800	Edge-Triage-gemma-4-E4B-it-Q3_K_M.gguf	0.9794	163.15	3.84	50	keep	[latv2] EDG-331 r4 sweep: n_ctx=933 on process-vram baseline
20260430T220103Z	2de7702422d3effe8fbe1a6c38a274b18b2cccae9da5d6a37df5360f335684b4	Edge-Triage-gemma-4-E4B-it-Q3_K_M.gguf	0.9794	162.45	3.84	50	keep	[latv2] EDG-332 r1 forced-repeat baseline probe-budget11 n_ctx934
20260430T220117Z	02c2d8bdce58a7b451b1427dcde64738e3fd8cc19dd34b6f29fbf576114d9800	Edge-Triage-gemma-4-E4B-it-Q3_K_M.gguf	0.9794	161.92	3.84	50	keep	[latv2] EDG-332 r2 forced-repeat candidate probe-budget11 n_ctx933
20260430T220202Z	02c2d8bdce58a7b451b1427dcde64738e3fd8cc19dd34b6f29fbf576114d9800	Edge-Triage-gemma-4-E4B-it-Q3_K_M.gguf	0.9794	163.46	3.84	50	keep	[latv2] EDG-332 r3 forced-repeat variance n_ctx933
20260430T220214Z	02c2d8bdce58a7b451b1427dcde64738e3fd8cc19dd34b6f29fbf576114d9800	Edge-Triage-gemma-4-E4B-it-Q3_K_M.gguf	0.9794	161.50	3.85	50	keep	[latv2] EDG-332 r4 forced-repeat variance n_ctx933
20260430T220225Z	02c2d8bdce58a7b451b1427dcde64738e3fd8cc19dd34b6f29fbf576114d9800	Edge-Triage-gemma-4-E4B-it-Q3_K_M.gguf	0.9794	162.34	3.84	50	keep	[latv2] EDG-332 r5 forced-repeat variance n_ctx933
20260501T080125Z	d74b4150cc5f42c3396bfaeb4602fa0065e76ecf7e97b4d10ce16e92b49bf410	Edge-Triage-gemma-4-E4B-it-Q3_K_M.gguf	0.9794	164.74	3.84	50	discard	[latv2] EDG-333 r1: promote default n_ctx to 933 from EDG-332 repeat stability | discarded: same-F1 band but slower latency (164.74 ms vs best 160.74 ms, epsilon=3.00 ms)
20260501T100130Z	d74b4150cc5f42c3396bfaeb4602fa0065e76ecf7e97b4d10ce16e92b49bf410	Edge-Triage-gemma-4-E4B-it-Q3_K_M.gguf	0.9794	160.59	3.84	50	keep	[latv2] EDG-334 r1: validate hash-hardening + probe-budget11 + process-vram under promoted n_ctx=933
20260501T120053Z	a7c08373eb82b41de37d842716ec7dded8880696329d4234f858fa648b08df9c	Edge-Triage-gemma-4-E4B-it-Q3_K_M.gguf	0.9794	167.25	3.82	50	discard	[latv2] EDG-335 r1: n_batch=176 micro-sweep at n_ctx933 probe-budget11 | discarded: same-F1 band but slower latency (167.25 ms vs best 160.59 ms, epsilon=3.00 ms)
20260501T120109Z	7af32320c431f720dc22322dff3caf0d52233cad3da6e72b2449db810ce78731	Edge-Triage-gemma-4-E4B-it-Q3_K_M.gguf	0.9415	167.74	3.83	50	discard	[latv2] EDG-335 r2: n_batch=184 micro-sweep at n_ctx933 probe-budget11 | discarded: F1 below historical best (0.9415 vs 0.9794, epsilon=0.0001)
20260501T120125Z	d74b4150cc5f42c3396bfaeb4602fa0065e76ecf7e97b4d10ce16e92b49bf410	Edge-Triage-gemma-4-E4B-it-Q3_K_M.gguf	0.9794	161.12	3.84	50	keep	[latv2] EDG-335 r3: n_batch=192 control rerun at n_ctx933 probe-budget11
20260501T120240Z	3d273812c2f53aa9ef80ff897d333fa262a656989d63f1b4e5a0cd0979d74d29	Edge-Triage-gemma-4-E4B-it-Q3_K_M.gguf	0.9794	161.73	3.84	50	keep	[latv2] EDG-335 r4: n_gpu_layers=45 micro-sweep with n_batch192 n_ctx933
20260501T120255Z	1d658c3cd576ddb476e58d7afa92e52480eaa3eac66dc2e353df8d147939f252	Edge-Triage-gemma-4-E4B-it-Q3_K_M.gguf	0.9794	159.78	3.84	50	keep	[latv2] EDG-335 r5: n_gpu_layers=47 micro-sweep with n_batch192 n_ctx933
20260501T120334Z	e7ec3c25ee798e8fb20d93df5dd6edb2d8fdde3ab8d5e7de640a59d7625b33e1	Edge-Triage-gemma-4-E4B-it-Q3_K_M.gguf	0.9794	159.94	3.84	50	keep	[latv2] EDG-335 r6: post-promotion verification for gpu47 default
20260501T140100Z	6308965d87371ae968e4880ec34bb282518ba779a57a9d9c86df46ffefc530e2	Edge-Triage-gemma-4-E4B-it-Q3_K_M.gguf	0.9794	163.04	3.84	50	discard	[latv2] EDG-336 r1: n_ctx=932 micro-sweep on gpu47/batch192/probebudget11 | discarded: same-F1 band but slower latency (163.04 ms vs best 159.78 ms, epsilon=3.00 ms)
20260501T140118Z	631c8e0d9cf8e720b9694af299ed0015bb68cb18c447f95cc76d42200753b7b1	Edge-Triage-gemma-4-E4B-it-Q3_K_M.gguf	0.9572	156.24	3.83	50	discard	[latv2] EDG-336 r2: probe budget 10 sweep on gpu47/nctx933/batch192 | discarded: F1 below historical best (0.9572 vs 0.9794, epsilon=0.0001)
20260501T140136Z	f5001c3c104211eaa85e088bd68ed94513784241c148490a133492e4d57b3229	Edge-Triage-gemma-4-E4B-it-Q3_K_M.gguf	0.9794	162.27	3.83	50	keep	[latv2] EDG-336 r3: n_gpu_layers=48 micro-sweep on nctx933/batch192/probebudget11
20260501T140257Z	29bd22c5a19c8155767bec14b6244263f71c722294738565df0efe0679850e3f	Edge-Triage-gemma-4-E4B-it-Q3_K_M.gguf	0.9238	160.77	3.84	50	discard	[latv2] EDG-336 r4: short targeted-probe prompts v1 on nctx933/gpu47/batch192 | discarded: F1 below historical best (0.9238 vs 0.9794, epsilon=0.0001)
20260501T140340Z	e7ec3c25ee798e8fb20d93df5dd6edb2d8fdde3ab8d5e7de640a59d7625b33e1	Edge-Triage-gemma-4-E4B-it-Q3_K_M.gguf	0.9794	160.95	3.84	50	keep	[latv2] EDG-336 r5: baseline repeat after r4 rollback (nctx933/gpu47/batch192/budget11)
20260501T160143Z	02d0ae299ae035268661375a53afd8d4165c83b303ce9c68a96b464c6a02e481	Edge-Triage-gemma-4-E4B-it-Q3_K_M.gguf	0.9794	160.36	3.84	50	keep	[latv2] EDG-337 r1: n_ctx=931 micro-sweep on gpu47/batch192/probebudget11
20260501T180059Z	02d0ae299ae035268661375a53afd8d4165c83b303ce9c68a96b464c6a02e481	Edge-Triage-gemma-4-E4B-it-Q3_K_M.gguf	0.9794	266.82	3.84	50	discard	[latv2] EDG-338 r1: n_ctx=931 repeat-1 on gpu47/batch192/probebudget11 | discarded: same-F1 band but slower latency (266.82 ms vs best 159.78 ms, epsilon=3.00 ms)
20260501T180059Z	02d0ae299ae035268661375a53afd8d4165c83b303ce9c68a96b464c6a02e481	Edge-Triage-gemma-4-E4B-it-Q3_K_M.gguf	0.9794	266.81	3.84	50	discard	[latv2] EDG-338 r2: n_ctx=931 repeat-2 on gpu47/batch192/probebudget11 | discarded: same-F1 band but slower latency (266.81 ms vs best 159.78 ms, epsilon=3.00 ms)
20260501T180123Z	d2a3261468aed7822d4e890b3fadbee393f910923d9c280eb852b03de7c27087	Edge-Triage-gemma-4-E4B-it-Q3_K_M.gguf	0.9794	266.92	3.83	50	discard	[latv2] EDG-338 r4: n_ctx=931 sequential repeat-2 on gpu47/batch192/probebudget11 | discarded: same-F1 band but slower latency (266.92 ms vs best 159.78 ms, epsilon=3.00 ms)
20260501T180123Z	02d0ae299ae035268661375a53afd8d4165c83b303ce9c68a96b464c6a02e481	Edge-Triage-gemma-4-E4B-it-Q3_K_M.gguf	0.9794	266.91	3.84	50	discard	[latv2] EDG-338 r3: n_ctx=931 sequential repeat-1 on gpu47/batch192/probebudget11 | discarded: same-F1 band but slower latency (266.91 ms vs best 159.78 ms, epsilon=3.00 ms)
20260501T180142Z	02d0ae299ae035268661375a53afd8d4165c83b303ce9c68a96b464c6a02e481	Edge-Triage-gemma-4-E4B-it-Q3_K_M.gguf	0.9794	163.13	3.83	50	discard	[latv2] EDG-338 r5: n_ctx=931 sequential isolated repeat-1 on gpu47/batch192/probebudget11 | discarded: same-F1 band but slower latency (163.13 ms vs best 159.78 ms, epsilon=3.00 ms)
20260501T180157Z	02d0ae299ae035268661375a53afd8d4165c83b303ce9c68a96b464c6a02e481	Edge-Triage-gemma-4-E4B-it-Q3_K_M.gguf	0.9794	163.81	3.84	50	discard	[latv2] EDG-338 r6: n_ctx=931 sequential isolated repeat-2 on gpu47/batch192/probebudget11 | discarded: same-F1 band but slower latency (163.81 ms vs best 159.78 ms, epsilon=3.00 ms)
20260501T180329Z	b0b4c2f040cb7f8896f0a1e66d6b5724825d4b7e7a04a6898fd2e2908b752be5	Edge-Triage-gemma-4-E4B-it-Q3_K_M.gguf	0.9794	166.59	3.84	50	discard	[latv2] EDG-338 r7: cache compiled keyword regex in contains_keyword (default nctx933/gpu47/batch192/budget11) | discarded: same-F1 band but slower latency (166.59 ms vs best 159.78 ms, epsilon=3.00 ms)
20260501T200137Z	75a9c4e333ff2c6825a91b5d05d0c07bb094c06df1c591d3e95cadf0e0ec5267	Edge-Triage-gemma-4-E4B-it-Q3_K_M.gguf	0.9794	160.59	3.84	50	keep	[latv2] EDG-339 r1: replace regex keyword boundary checks with low-overhead token boundary matching in routing hot path (default nctx933/gpu47/batch192/budget11)
20260501T200239Z	75a9c4e333ff2c6825a91b5d05d0c07bb094c06df1c591d3e95cadf0e0ec5267	Edge-Triage-gemma-4-E4B-it-Q3_K_M.gguf	0.9794	161.75	3.84	50	keep	[latv2] EDG-339 r2: repeat stability run for keyword-boundary hot-path trim (default nctx933/gpu47/batch192/budget11)
20260501T200255Z	75a9c4e333ff2c6825a91b5d05d0c07bb094c06df1c591d3e95cadf0e0ec5267	Edge-Triage-gemma-4-E4B-it-Q3_K_M.gguf	0.9794	162.23	3.84	50	keep	[latv2] EDG-339 r3: repeat stability run for keyword-boundary hot-path trim (default nctx933/gpu47/batch192/budget11)
20260501T220145Z	f0b7228a01b9e28c7c1f6b2c716a1a2d9b4559adfe05a59083dfd1eeaf353d66	Edge-Triage-gemma-4-E4B-it-Q3_K_M.gguf	0.9794	162.19	3.84	50	keep	[latv2] EDG-340 r1: reuse precomputed scenario padding for keyword boundary checks in fast-path matching (default nctx933/gpu47/batch192/budget11)
20260501T220203Z	f0b7228a01b9e28c7c1f6b2c716a1a2d9b4559adfe05a59083dfd1eeaf353d66	Edge-Triage-gemma-4-E4B-it-Q3_K_M.gguf	0.9794	164.40	3.82	50	discard	[latv2] EDG-340 r2: repeat for scenario-padding reuse fast-path matching (default nctx933/gpu47/batch192/budget11) | discarded: same-F1 band but slower latency (164.40 ms vs best 159.78 ms, epsilon=3.00 ms)
20260502T080057Z	75a9c4e333ff2c6825a91b5d05d0c07bb094c06df1c591d3e95cadf0e0ec5267	Edge-Triage-gemma-4-E4B-it-Q3_K_M.gguf	0.0000	0.00	0.00	0	skip	State hash already evaluated. Benchmark skipped.
20260502T080134Z	430e5a3ec04a8503c3ee70e64399e46a5605284a6c9a2888216f9c997a545b97	Edge-Triage-gemma-4-E4B-it-Q3_K_M.gguf	0.9794	267.18	3.85	50	discard	[latv2] EDG-341 r2: repeat stability for guard/hash/VRAM accounting update | discarded: same-F1 band but slower latency (267.18 ms vs best 159.78 ms, epsilon=3.00 ms)
20260502T080134Z	430e5a3ec04a8503c3ee70e64399e46a5605284a6c9a2888216f9c997a545b97	Edge-Triage-gemma-4-E4B-it-Q3_K_M.gguf	0.9794	267.13	3.84	50	discard	[latv2] EDG-341 r1: comparability guard tightening + process VRAM accounting + hash hardening | discarded: same-F1 band but slower latency (267.13 ms vs best 159.78 ms, epsilon=3.00 ms)
20260502T080259Z	430e5a3ec04a8503c3ee70e64399e46a5605284a6c9a2888216f9c997a545b97	Edge-Triage-gemma-4-E4B-it-Q3_K_M.gguf	0.9794	266.23	3.84	50	discard	[latv2] EDG-341 r4: forced variance check repeat on guard/hash baseline | discarded: same-F1 band but slower latency (266.23 ms vs best 159.78 ms, epsilon=3.00 ms)
20260502T080259Z	430e5a3ec04a8503c3ee70e64399e46a5605284a6c9a2888216f9c997a545b97	Edge-Triage-gemma-4-E4B-it-Q3_K_M.gguf	0.9794	266.14	3.84	50	discard	[latv2] EDG-341 r3: forced variance check on guard/hash baseline | discarded: same-F1 band but slower latency (266.14 ms vs best 159.78 ms, epsilon=3.00 ms)
20260502T080346Z	c3f5d3ddaaea585eaa2e0d8dbc4fe6a1566d2e7a9015d3d194f2f634c76e8ab2	Edge-Triage-gemma-4-E4B-it-Q3_K_M.gguf	0.9794	266.85	3.84	50	discard	[latv2] EDG-341 r6: forced micro-sweep n_gpu_layers=48 on guard/hash baseline | discarded: same-F1 band but slower latency (266.85 ms vs best 159.78 ms, epsilon=3.00 ms)
20260502T080346Z	0e1b86042bef33f94e18ee115ba8799c638d025b76b270cc50ada7d22d61c980	Edge-Triage-gemma-4-E4B-it-Q3_K_M.gguf	0.9794	267.30	3.84	50	discard	[latv2] EDG-341 r5: forced micro-sweep n_gpu_layers=46 on guard/hash baseline | discarded: same-F1 band but slower latency (267.30 ms vs best 159.78 ms, epsilon=3.00 ms)
20260502T100137Z	430e5a3ec04a8503c3ee70e64399e46a5605284a6c9a2888216f9c997a545b97	Edge-Triage-gemma-4-E4B-it-Q3_K_M.gguf	0.9794	161.08	3.84	50	keep	[latv2] EDG-342 r1: forced baseline repeat on current edg341 codepath
20260502T100243Z	430e5a3ec04a8503c3ee70e64399e46a5605284a6c9a2888216f9c997a545b97	Edge-Triage-gemma-4-E4B-it-Q3_K_M.gguf	0.9794	160.64	3.84	50	keep	[latv2] EDG-342 r2: forced repeat stability check on current edg341 codepath
20260502T100258Z	430e5a3ec04a8503c3ee70e64399e46a5605284a6c9a2888216f9c997a545b97	Edge-Triage-gemma-4-E4B-it-Q3_K_M.gguf	0.9794	161.25	3.83	50	keep	[latv2] EDG-342 r3: forced repeat stability check on current edg341 codepath
20260502T100315Z	a57e8ebc8497559426c98963c91a88c16057f141207fbef20aa980182daf6cf5	Edge-Triage-gemma-4-E4B-it-Q3_K_M.gguf	0.9794	163.65	3.84	50	discard	[latv2] EDG-342 r4: n_ctx=931 micro-sweep on stable edg341 baseline | discarded: same-F1 band but slower latency (163.65 ms vs best 159.78 ms, epsilon=3.00 ms)
20260502T120109Z	c880fbb2f1dbf557c14286bb1d9ad7caa658d8acd2d613e7cf29b25ee551a64b	Edge-Triage-gemma-4-E4B-it-Q3_K_M.gguf	0.0000	0.00	0.00	0	blocked	EDG-343 r1: default LLAMA_N_BATCH 200 micro-sweep on stable edg341 baseline | blocked: runtime reduced GPU layers for low-VRAM safety; skipped non-comparable benchmark (using 4/47 layers). Free more VRAM or set TRIAGE_ALLOW_REDUCED_GPU_BENCHMARK=1 to force diagnostic runs.
20260502T120236Z	22672bd43804994bcb4add986d6d13447f675c650ccc766b67e93551fbb32efd	Edge-Triage-gemma-4-E4B-it-Q3_K_M.gguf	0.9416	1014.77	1.77	50	discard	[latv2] EDG-343 r1c: default LLAMA_N_BATCH 200 micro-sweep under runtime reduced-gpu safety mode | discarded: F1 below historical best (0.9416 vs 0.9794, epsilon=0.0001)
20260502T120533Z	430e5a3ec04a8503c3ee70e64399e46a5605284a6c9a2888216f9c997a545b97	Edge-Triage-gemma-4-E4B-it-Q3_K_M.gguf	0.0000	0.00	0.00	0	blocked	EDG-343 r2: low-vram duplicate-block suppression check run1 | blocked: runtime reduced GPU layers for low-VRAM safety; skipped non-comparable benchmark (using 4/47 layers). Free more VRAM or set TRIAGE_ALLOW_REDUCED_GPU_BENCHMARK=1 to force diagnostic runs.
20260502T140121Z	430e5a3ec04a8503c3ee70e64399e46a5605284a6c9a2888216f9c997a545b97	Edge-Triage-gemma-4-E4B-it-Q3_K_M.gguf	0.9794	169.42	3.84	50	discard	[latv2] EDG-344 r1: retry LLAMA_N_BATCH=200 micro-sweep after clearing stale VRAM holder | discarded: same-F1 band but slower latency (169.42 ms vs best 160.36 ms, epsilon=3.00 ms)
20260502T140138Z	430e5a3ec04a8503c3ee70e64399e46a5605284a6c9a2888216f9c997a545b97	Edge-Triage-gemma-4-E4B-it-Q3_K_M.gguf	0.9794	162.65	3.84	50	keep	[latv2] EDG-344 r2: repeat LLAMA_N_BATCH=200 micro-sweep after clearing stale VRAM holder
20260502T140223Z	430e5a3ec04a8503c3ee70e64399e46a5605284a6c9a2888216f9c997a545b97	Edge-Triage-gemma-4-E4B-it-Q3_K_M.gguf	0.9794	270.16	3.84	50	discard	[latv2] EDG-344 r4: variance repeat LLAMA_N_BATCH=200 after VRAM cleanup | discarded: same-F1 band but slower latency (270.16 ms vs best 160.36 ms, epsilon=3.00 ms)
20260502T140223Z	430e5a3ec04a8503c3ee70e64399e46a5605284a6c9a2888216f9c997a545b97	Edge-Triage-gemma-4-E4B-it-Q3_K_M.gguf	0.9794	270.37	3.84	50	discard	[latv2] EDG-344 r3: variance repeat LLAMA_N_BATCH=200 after VRAM cleanup | discarded: same-F1 band but slower latency (270.37 ms vs best 160.36 ms, epsilon=3.00 ms)
20260502T220520Z	430e5a3ec04a8503c3ee70e64399e46a5605284a6c9a2888216f9c997a545b97	Edge-Triage-gemma-4-E4B-it-Q3_K_M.gguf	0.9572	5312.55	0.00	50	blocked	[latv2] EDG-348 r1: forced same-hash repeat for latency-outlier relabel validation | blocked: latency outlier vs same-state median (5312.55 ms > 233.69 ms from median 161.17 ms, n=4); treating run as non-comparable host variance
20260502T220946Z	430e5a3ec04a8503c3ee70e64399e46a5605284a6c9a2888216f9c997a545b97	Edge-Triage-gemma-4-E4B-it-Q3_K_M.gguf	0.9572	5237.22	0.00	50	blocked	[latv2] EDG-348 r2: forced same-hash repeat for latency-outlier relabel validation | blocked: latency outlier vs same-state median (5237.22 ms > 233.69 ms from median 161.17 ms, n=4); treating run as non-comparable host variance
20260502T221420Z	430e5a3ec04a8503c3ee70e64399e46a5605284a6c9a2888216f9c997a545b97	Edge-Triage-gemma-4-E4B-it-Q3_K_M.gguf	0.9572	5426.91	0.00	50	blocked	[latv2] EDG-348 r3: forced same-hash repeat for latency-outlier relabel validation | blocked: latency outlier vs same-state median (5426.91 ms > 233.69 ms from median 161.17 ms, n=4); treating run as non-comparable host variance
20260502T222045Z	c08dabcf5a864fca953450ef83e031ff9090fd25fce1b326fd6da8179cd60cc8	Edge-Triage-gemma-4-E4B-it-Q3_K_M.gguf	0.9572	5692.44	0.00	50	discard	[latv2] EDG-348 r4: verify fast-fail post-load gpu guard on zero-vram host | discarded: F1 below historical best (0.9572 vs 0.9794, epsilon=0.0001)
20260503T080543Z	c08dabcf5a864fca953450ef83e031ff9090fd25fce1b326fd6da8179cd60cc8	Edge-Triage-gemma-4-E4B-it-Q3_K_M.gguf	0.9572	6090.77	0.00	50	discard	[latv2] EDG-349 r1: heartbeat baseline forced rerun on edg348 codepath | discarded: F1 below historical best (0.9572 vs 0.9794, epsilon=0.0001)
20260503T080704Z	c08dabcf5a864fca953450ef83e031ff9090fd25fce1b326fd6da8179cd60cc8	Edge-Triage-gemma-4-E4B-it-Q3_K_M.gguf	0.0000	0.00	0.00	0	blocked	EDG-349 r2: fast-fail non-comparable gpu telemetry-unavailable host | blocked: post-load GPU telemetry unavailable with CUDA runtime inactive; benchmark marked non-comparable before full eval. Restore CUDA GPU access or set TRIAGE_ALLOW_GUARDED_CPU_BENCHMARK=1 for diagnostic runs.
20260503T100504Z	b0c03941cf515f354dc6d87618a261cc661b34146b5af4b7bbefdcb3a346a91f	Edge-Triage-gemma-4-E4B-it-Q3_K_M.gguf	0.9572	5348.98	0.00	50	discard	[latv2] EDG-350 r1: guarded CPU diagnostic run on CUDA-inactive host to unblock optimization loop | discarded: F1 below historical best (0.9572 vs 0.9794, epsilon=0.0001)
20260503T100702Z	3417d9964c2a11f6383982bf14904a56e03fc492313601289c6658919a158d64	Edge-Triage-gemma-4-E4B-it-Q3_K_M.gguf	1.0000	6571.00	0.00	4	blocked	[latv2] EDG-350 r2: auto-cap guarded CPU diagnostic when GPU requested but inactive | blocked: guarded CPU fallback used capped sample diagnostic run (max_samples=4); rerun on GPU-capable host for comparable metrics
20260503T160154Z	1fc70b59e6516f946b5964ce097e04fc318f2eb048b5e0c600455e418707edc5	Edge-Triage-gemma-4-E4B-it-Q3_K_M.gguf	0.0000	0.00	0.00	0	blocked	EDG-353 r1: pre-load duplicate short-circuit for pre-import low-VRAM blocked states | blocked: post-load GPU telemetry unavailable with CUDA runtime inactive; benchmark marked non-comparable before full eval. Restore CUDA GPU access or set TRIAGE_ALLOW_GUARDED_CPU_BENCHMARK=1 for diagnostic runs.
20260503T160317Z	ce1c14640365ead5411c6eeec3113f90a25269947561676ee321cf75dfbc255a	Edge-Triage-gemma-4-E4B-it-Q3_K_M.gguf	0.0000	0.00	0.00	0	blocked	EDG-353 r2: pre-load duplicate short-circuit for post-load offload-guard blocked states | blocked: post-load GPU telemetry unavailable with CUDA runtime inactive; benchmark marked non-comparable before full eval. Restore CUDA GPU access or set TRIAGE_ALLOW_GUARDED_CPU_BENCHMARK=1 for diagnostic runs.
20260503T180118Z	a0927c2e971027efd112084a3038f949577d4f29235f50b1e259c57e7690f0ed	Edge-Triage-gemma-4-E4B-it-Q3_K_M.gguf	1.0000	6616.91	0.00	4	blocked	[latv2] EDG-354 r2: forced guarded-CPU diagnostic after duplicate blocked-state short-circuit | blocked: guarded CPU fallback used capped sample diagnostic run (max_samples=4); rerun on GPU-capable host for comparable metrics
20260503T200132Z	4752f954c4222c2be5353bd2a04b2684941fb946c810b46a80bfa200f735cec9	Edge-Triage-gemma-4-E4B-it-Q3_K_M.gguf	0.0000	0.00	0.00	0	blocked	EDG-355 r1: pre-load duplicate short-circuit for cpu-only offload-unavailable blocked states | blocked: post-load GPU telemetry unavailable with CUDA runtime inactive; benchmark marked non-comparable before full eval. Restore CUDA GPU access or set TRIAGE_ALLOW_GUARDED_CPU_BENCHMARK=1 for diagnostic runs.
20260503T200300Z	dd56b356dba809ce548c46de7c120df34b1708447428fc8912590a0c12f8d71b	Edge-Triage-gemma-4-E4B-it-Q3_K_M.gguf	0.0000	0.00	0.00	0	blocked	EDG-355 r2: pre-load duplicate short-circuit for reduced-layer blocked states | blocked: post-load GPU telemetry unavailable with CUDA runtime inactive; benchmark marked non-comparable before full eval. Restore CUDA GPU access or set TRIAGE_ALLOW_GUARDED_CPU_BENCHMARK=1 for diagnostic runs.
20260504T080116Z	3d0876fa880641f4ecd9e624584f27f9a342190f6ee9f1e22b9d7ee22dbbdc30	Edge-Triage-gemma-4-E4B-it-Q3_K_M.gguf	0.0000	0.00	0.00	0	blocked	EDG-357 r1: pre-load duplicate short-circuit for guarded-CPU capped-diagnostic blocked states | blocked: post-load GPU telemetry unavailable with CUDA runtime inactive; benchmark marked non-comparable before full eval. Restore CUDA GPU access or set TRIAGE_ALLOW_GUARDED_CPU_BENCHMARK=1 for diagnostic runs.
20260504T080155Z	e829b4df244c475f7d56d51d15d69e4e718d39638b0bd840ae93e5a1ee679f15	Edge-Triage-gemma-4-E4B-it-Q3_K_M.gguf	1.0000	6624.08	0.00	4	blocked	[latv2] EDG-357 r1a: guarded CPU capped-diagnostic baseline for duplicate pre-load check | blocked: guarded CPU fallback used capped sample diagnostic run (max_samples=4); rerun on GPU-capable host for comparable metrics
20260504T080428Z	6987f463dcb564e390fa149ef3f6cde15b339080bcb616db18b1add8bcb2e725	Edge-Triage-gemma-4-E4B-it-Q3_K_M.gguf	0.0000	0.00	0.00	0	blocked	EDG-357 r2: pre-load duplicate short-circuit for runtime low-VRAM CPU fallback blocked states | blocked: post-load GPU telemetry unavailable with CUDA runtime inactive; benchmark marked non-comparable before full eval. Restore CUDA GPU access or set TRIAGE_ALLOW_GUARDED_CPU_BENCHMARK=1 for diagnostic runs.
20260504T100655Z	56a2e5733784e472497d12c51ebe4cc6ba800b4a6eef44f4f8208590ab964022	Edge-Triage-gemma-4-E4B-it-Q3_K_M.gguf	0.9572	6816.01	0.00	50	blocked	[latv2] EDG-358 r1: guarded CPU full-sample diagnostic on CUDA-inactive host for continuity | blocked: guarded CPU fallback used capped sample diagnostic run (max_samples=50); rerun on GPU-capable host for comparable metrics
20260504T120241Z	61f1e90edac10857886fd1511ccfeafc2d7a6f3b713dfd78fca387330dae4391	Edge-Triage-gemma-4-E4B-it-Q3_K_M.gguf	0.0000	9999.99	0.00	0	blocked	[latv2] EDG-359 seeded row for runtime verification | blocked: latency outlier vs same-state median (seeded)
20260504T120247Z	109ac58b2a892b8c868fb4483786c2699269d9c336da6072d50895be7f002077	Edge-Triage-gemma-4-E4B-it-Q3_K_M.gguf	0.0000	0.00	0.00	0	blocked	EDG-359 r1a: runtime verification of duplicate latency-outlier pre-load short-circuit | blocked: post-load GPU telemetry unavailable with CUDA runtime inactive; benchmark marked non-comparable before full eval. Restore CUDA GPU access or set TRIAGE_ALLOW_GUARDED_CPU_BENCHMARK=1 for diagnostic runs.
20260504T120255Z	109ac58b2a892b8c868fb4483786c2699269d9c336da6072d50895be7f002077	Edge-Triage-gemma-4-E4B-it-Q3_K_M.gguf	0.0000	5555.55	0.00	0	blocked	[latv2] EDG-359 seeded row for exact runtime hash | blocked: latency outlier vs same-state median (seeded)
20260504T120336Z	963a2e655b490e399c310dc31ed8904ddcbecc8f888ea816695667252b2d6d79	Edge-Triage-gemma-4-E4B-it-Q3_K_M.gguf	1.0000	6234.98	0.00	4	blocked	[latv2] EDG-359 r1c: isolate duplicate latency-outlier pre-load guard with guarded CPU benchmark enabled | blocked: guarded CPU fallback used capped sample diagnostic run (max_samples=4); rerun on GPU-capable host for comparable metrics
20260504T120349Z	963a2e655b490e399c310dc31ed8904ddcbecc8f888ea816695667252b2d6d79	Edge-Triage-gemma-4-E4B-it-Q3_K_M.gguf	0.0000	7777.77	0.00	0	blocked	[latv2] EDG-359 seeded row for isolated latency-outlier pre-load guard | blocked: latency outlier vs same-state median (seeded)
20260504T160102Z	ec3226795639d323fcaf479dddfbd7ba45ba231be20fedc8acbc6744b6ccaef3	Edge-Triage-gemma-4-E4B-it-Q3_K_M.gguf	0.0000	0.00	0.00	0	blocked	[latv2] EDG-361 r1: heartbeat continuation baseline and blocked-state validation | blocked: post-load GPU telemetry unavailable with CUDA runtime inactive; benchmark marked non-comparable before full eval. Restore CUDA GPU access or set TRIAGE_ALLOW_GUARDED_CPU_BENCHMARK=1 for diagnostic runs.
20260504T160146Z	71723e7da3e43b74ba36f25bdd7dd676d700ece25437db713e2f9240b31d40d7	Edge-Triage-gemma-4-E4B-it-Q3_K_M.gguf	1.0000	6201.68	0.00	4	blocked	[latv2] EDG-361 r2: guarded CPU diagnostic continuation on CUDA-inactive host | blocked: guarded CPU fallback used capped sample diagnostic run (max_samples=4); rerun on GPU-capable host for comparable metrics
20260504T180112Z	661642811c076b26ae538ee4ffd5b0713096d31e331564d95f8674671742edb5	Edge-Triage-gemma-4-E4B-it-Q3_K_M.gguf	0.0000	0.00	0.00	0	blocked	[latv2] EDG-362 r1: heartbeat baseline after guarded CPU cap default=2 | blocked: post-load GPU telemetry unavailable with CUDA runtime inactive; benchmark marked non-comparable before full eval. Restore CUDA GPU access or set TRIAGE_ALLOW_GUARDED_CPU_BENCHMARK=1 for diagnostic runs.
20260504T180112Z	53d875180d7f36460d44a21b71b06692138fa85f1fd54f0dd5c12dd0fb83030a	Edge-Triage-gemma-4-E4B-it-Q3_K_M.gguf	1.0000	0.08	0.00	2	blocked	[latv2] EDG-362 r2: guarded CPU diagnostic with cap default=2 on CUDA-inactive host | blocked: guarded CPU fallback used capped sample diagnostic run (max_samples=2); rerun on GPU-capable host for comparable metrics
20260506T204432Z	ad04974f617f8c5354db6c96e0cd2424ee99188e038ed12765560a9b477730bd	Edge-Triage-gemma-4-E4B-it-Q3_K_M.gguf	0.0000	0.00	0.00	0	blocked	[latv2] EDG-363 r1: heartbeat baseline with force-rerun on CUDA-inactive host | blocked: post-load GPU telemetry unavailable with CUDA runtime inactive; benchmark marked non-comparable before full eval. Restore CUDA GPU access or set TRIAGE_ALLOW_GUARDED_CPU_BENCHMARK=1 for diagnostic runs.
20260506T204523Z	2fd3d466cf540a6083467d1f35f23774a536aea407dde1dc0227e1c4a5384ec0	Edge-Triage-gemma-4-E4B-it-Q3_K_M.gguf	1.0000	12988.97	0.00	3	blocked	[latv2] EDG-363 r2b: guarded CPU diagnostic force-rerun with cap=3 to avoid duplicate-hash short-circuit | blocked: guarded CPU fallback used capped sample diagnostic run (max_samples=3); rerun on GPU-capable host for comparable metrics
20260506T204628Z	53d875180d7f36460d44a21b71b06692138fa85f1fd54f0dd5c12dd0fb83030a	Edge-Triage-gemma-4-E4B-it-Q3_K_M.gguf	1.0000	0.06	0.00	2	blocked	[latv2] EDG-363 r3: guarded CPU diagnostic force-rerun consistency check with cap=2 | blocked: guarded CPU fallback used capped sample diagnostic run (max_samples=2); rerun on GPU-capable host for comparable metrics
20260506T205257Z	53d875180d7f36460d44a21b71b06692138fa85f1fd54f0dd5c12dd0fb83030a	Edge-Triage-gemma-4-E4B-it-Q3_K_M.gguf	1.0000	0.06	0.00	2	blocked	[latv2] EDG-363 r4: process_lost_retry guarded CPU diagnostic continuity check cap=2 | blocked: guarded CPU fallback used capped sample diagnostic run (max_samples=2); rerun on GPU-capable host for comparable metrics
20260506T205403Z	53d875180d7f36460d44a21b71b06692138fa85f1fd54f0dd5c12dd0fb83030a	Edge-Triage-gemma-4-E4B-it-Q3_K_M.gguf	1.0000	0.06	0.00	2	blocked	[latv2] EDG-363 r6: continuation guarded CPU diagnostic cap=2 | blocked: guarded CPU fallback used capped sample diagnostic run (max_samples=2); rerun on GPU-capable host for comparable metrics
20260507T120112Z	ad04974f617f8c5354db6c96e0cd2424ee99188e038ed12765560a9b477730bd	Edge-Triage-gemma-4-E4B-it-Q3_K_M.gguf	0.0000	0.00	0.00	0	blocked	[latv2] EDG-367 r1: forced rerun smoke via pre-import cpu guard | blocked: pre-import low-VRAM CPU guard active; skipped guarded CPU benchmark to preserve loop throughput. Rerun with >= 3000 MiB free VRAM or set TRIAGE_ALLOW_GUARDED_CPU_BENCHMARK=1.
20260507T140043Z	ad04974f617f8c5354db6c96e0cd2424ee99188e038ed12765560a9b477730bd	Edge-Triage-gemma-4-E4B-it-Q3_K_M.gguf	1.0000	0.09	2.77	1	discard	[latv2] EDG-368 r1: non-guarded single-sample regression smoke after results-row cache/read refactor | discarded: high F1 relied heavily on metadata/probe shortcuts (shortcut_ratio=1.00, full_mm_ratio=0.00)
20260507T160136Z	b91ea638fb95641fca0e0062c6f97810a588a53404f553e3f893e4d70945be95	Edge-Triage-gemma-4-E4B-it-Q3_K_M.gguf	0.7500	11465.71	3.49	4	discard	[latv2] EDG-370 r1: 4-sample comparable micro-check forcing full multimodal routing | discarded: latency above 4000 ms budget
20260507T180055Z	8fa6902558b74b708605dfad2a438e94a100463a03525972496f5b44c5d5b74c	Edge-Triage-gemma-4-E4B-it-Q3_K_M.gguf	0.6500	176.64	3.46	4	keep	[latv2] EDG-372 r1: 4-sample micro-check metadata shortcuts on, targeted probes off
20260507T200047Z	cb2605d2770c3681b25cae3d325586fcd45a8bb13ed22a15d73e24caf86aaea5	Edge-Triage-gemma-4-E4B-it-Q3_K_M.gguf	1.0000	288.92	3.49	4	keep	[latv2] EDG-374 r1: 4-sample micro-check metadata shortcuts+targeted probes budget4
20260507T220106Z	cb2605d2770c3681b25cae3d325586fcd45a8bb13ed22a15d73e24caf86aaea5	Edge-Triage-gemma-4-E4B-it-Q3_K_M.gguf	1.0000	281.58	3.52	8	keep	[latv2] EDG-376 r1: 8-sample micro-check metadata shortcuts+targeted probes budget4
20260508T080052Z	cb2605d2770c3681b25cae3d325586fcd45a8bb13ed22a15d73e24caf86aaea5	Edge-Triage-gemma-4-E4B-it-Q3_K_M.gguf	0.9458	206.48	3.56	16	discard	[latv2] EDG-381 r1: 16-sample comparable check metadata shortcuts+targeted probes budget4 | discarded: F1 below historical best (0.9458 vs 1.0000, epsilon=0.0001)
20260508T100050Z	8fa6902558b74b708605dfad2a438e94a100463a03525972496f5b44c5d5b74c	Edge-Triage-gemma-4-E4B-it-Q3_K_M.gguf	0.6927	205.81	3.53	16	discard	[latv2] EDG-382 r1: 16-sample ablation metadata shortcuts on, targeted probes off | discarded: F1 below historical best (0.6927 vs 1.0000, epsilon=0.0001)
20260508T100102Z	44b118cfcdd2c45c90d738866e922d2f135e3cc667daeb00dfe21160d0e346fa	Edge-Triage-gemma-4-E4B-it-Q3_K_M.gguf	0.8284	315.73	3.59	16	discard	[latv2] EDG-382 r2: 16-sample ablation metadata shortcuts off, targeted probes on budget4 | discarded: F1 below historical best (0.8284 vs 1.0000, epsilon=0.0001)
20260508T140055Z	ad04974f617f8c5354db6c96e0cd2424ee99188e038ed12765560a9b477730bd	Edge-Triage-gemma-4-E4B-it-Q3_K_M.gguf	0.9458	204.93	3.56	16	discard	[latv2] EDG-384 r1.30: 16-sample latency-outlier calibration ratio=1.30 | discarded: F1 below historical best (0.9458 vs 1.0000, epsilon=0.0001)
20260508T140102Z	ad04974f617f8c5354db6c96e0cd2424ee99188e038ed12765560a9b477730bd	Edge-Triage-gemma-4-E4B-it-Q3_K_M.gguf	0.9458	219.70	3.56	16	discard	[latv2] EDG-384 r1.40: 16-sample latency-outlier calibration ratio=1.40 | discarded: F1 below historical best (0.9458 vs 1.0000, epsilon=0.0001)
20260508T140109Z	ad04974f617f8c5354db6c96e0cd2424ee99188e038ed12765560a9b477730bd	Edge-Triage-gemma-4-E4B-it-Q3_K_M.gguf	0.9458	208.07	3.56	16	discard	[latv2] EDG-384 r1.50: 16-sample latency-outlier calibration ratio=1.50 | discarded: F1 below historical best (0.9458 vs 1.0000, epsilon=0.0001)
20260508T220137Z	721ccc94d58ac785be4e3299eafc89b55129472c6792f1a0c3bc6ff9b7bd94d5	Edge-Triage-gemma-4-E4B-it-Q3_K_M.gguf	0.9458	223.85	3.56	16	discard	[latv2] EDG-392 r1: tighten metadata shortcuts on other dt6/dt5 to recover F1 via more full-mm | discarded: F1 below historical best (0.9458 vs 1.0000, epsilon=0.0001)
20260509T080114Z	dfaef6d2aa9df419990a9b5ed5155a6f9c25736fe4681c90e8c6c0b34afa563c	Edge-Triage-gemma-4-E4B-it-Q3_K_M.gguf	0.8284	492.94	3.59	16	discard	[latv2] EDG-397 r1: sweep A shortcuts off, probes on | discarded: F1 below historical best (0.8284 vs 1.0000, epsilon=0.0001)
20260509T080114Z	7110dd40daca96c1b9e51a296ec8b537d62da9af2b11b797acd8609e0e17f84c	Edge-Triage-gemma-4-E4B-it-Q3_K_M.gguf	0.8284	505.50	3.60	16	discard	[latv2] EDG-397 r2: sweep B dt0 severe full-mm confirm + shortcuts on | discarded: F1 below historical best (0.8284 vs 1.0000, epsilon=0.0001)
20260509T100112Z	f829861c89fcbedc46d60d414c495ed3977c879ed35338af243218ccea13c31e	Edge-Triage-gemma-4-E4B-it-Q3_K_M.gguf	0.9458	220.35	3.56	16	discard	[latv2] EDG-398 r1: baseline probe wording control @16 | discarded: F1 below historical best (0.9458 vs 1.0000, epsilon=0.0001)
20260509T100121Z	7411a859d35c36077829aa5eb6a3df9d5920ccfdc7e4155d540e2dec8dfacef8	Edge-Triage-gemma-4-E4B-it-Q3_K_M.gguf	0.8494	219.96	3.56	16	discard	[latv2] EDG-398 r2: v2 stricter casualty-vs-rescue probe wording @16 | discarded: F1 below historical best (0.8494 vs 1.0000, epsilon=0.0001)
20260509T120035Z	189577c98344466f6980e70dbd15e4423cd084966627264c423377b1b4c07996	Edge-Triage-gemma-4-E4B-it-Q3_K_M.gguf	0.7292	360.99	3.61	16	discard	[latv2] EDG-399 r1: v3 probe wording + dt0 severe probe on @16 | discarded: F1 below historical best (0.7292 vs 1.0000, epsilon=0.0001)
20260509T140108Z	f829861c89fcbedc46d60d414c495ed3977c879ed35338af243218ccea13c31e	Edge-Triage-gemma-4-E4B-it-Q3_K_M.gguf	0.9458	224.75	3.56	16	discard	[latv2] EDG-400 r1: audited baseline for none_dt6/other_dt0 misses @16 | discarded: F1 below historical best (0.9458 vs 1.0000, epsilon=0.0001)
20260509T140235Z	4bd5a253771e36f7da7ce2c660ff52eb1662046f43b81798d3fd6236eff67963	Edge-Triage-gemma-4-E4B-it-Q3_K_M.gguf	0.8827	255.43	3.57	16	discard	[latv2] EDG-400 r2: route escalation guard none_dt6+other_dt0 @16 | discarded: F1 below historical best (0.8827 vs 1.0000, epsilon=0.0001)
20260509T160154Z	780f14db18500327921bf58d70869d05973f68f726fff28635c29eac50ddcd33	Edge-Triage-gemma-4-E4B-it-Q3_K_M.gguf	0.9458	221.57	3.56	16	discard	[latv2] EDG-402 r1: dt0 severe full-mm strict confirmation calibration @16 | discarded: F1 below historical best (0.9458 vs 1.0000, epsilon=0.0001)
20260509T180121Z	82ae89b4fcada94a5825b358fab80b45ad996ede6fbda801dddf8ee688998a9e	Edge-Triage-gemma-4-E4B-it-Q3_K_M.gguf	0.9081	246.96	3.57	16	discard	[latv2] EDG-404 r1: unlabelled dt0 rescue strict confirmation @16 | discarded: F1 below historical best (0.9081 vs 1.0000, epsilon=0.0001)
20260509T200133Z	180b9061342f423962b5e88e35829666f81232ebece350dae19ed76bccf409cb	Edge-Triage-gemma-4-E4B-it-Q3_K_M.gguf	0.9081	247.48	3.57	16	discard	[latv2] EDG-406 r1: unlabelled dt0 rescue strict+lexical confirmation @16 | discarded: F1 below historical best (0.9081 vs 1.0000, epsilon=0.0001)
20260509T220119Z	16f5078f3748daf753ec342c0c3c3ee49fd3412d28ad2c7c95588ba6bf9ee3eb	Edge-Triage-gemma-4-E4B-it-Q3_K_M.gguf	0.9458	224.10	3.56	16	discard	[latv2] EDG-408 r1: unlabelled dt0 infra->rescue lexical recovery @16 | discarded: F1 below historical best (0.9458 vs 1.0000, epsilon=0.0001)
20260510T080052Z	dfded45dabe191726841c4ff820d906ec1d3ac3bf8a6e285f1572c5171aa1809	Edge-Triage-gemma-4-E4B-it-Q3_K_M.gguf	0.9458	224.32	3.56	16	discard	[latv2] Benchmark completed and metrics persisted. | discarded: F1 below historical best (0.9458 vs 1.0000, epsilon=0.0001)
20260510T100127Z	5f617a68b0a1b433095b7422d5be2fc889ae4ad12a9d309dbb35b8e55181944b	Edge-Triage-gemma-4-E4B-it-Q3_K_M.gguf	0.9458	222.00	3.56	16	discard	[latv2] EDG-414 r1: unlabelled dt0 infra->affected strict-probe recovery @16 | discarded: F1 below historical best (0.9458 vs 1.0000, epsilon=0.0001)
20260510T120047Z	edae0dfadb70ccb05267ae3e7dfb44aa90817fe8320e2be9cc228e86f0655de7	Edge-Triage-gemma-4-E4B-it-Q3_K_M.gguf	0.9458	220.24	3.56	16	discard	[latv2] EDG-415 r1a: control unlabelled dt0 infra->affected recovery OFF @16 audit | discarded: F1 below historical best (0.9458 vs 1.0000, epsilon=0.0001)
20260510T120101Z	5f617a68b0a1b433095b7422d5be2fc889ae4ad12a9d309dbb35b8e55181944b	Edge-Triage-gemma-4-E4B-it-Q3_K_M.gguf	0.9458	229.03	3.56	16	discard	[latv2] EDG-415 r1b: treatment unlabelled dt0 infra->affected recovery ON @16 audit | discarded: F1 below historical best (0.9458 vs 1.0000, epsilon=0.0001)
20260510T140130Z	5f617a68b0a1b433095b7422d5be2fc889ae4ad12a9d309dbb35b8e55181944b	Edge-Triage-gemma-4-E4B-it-Q3_K_M.gguf	0.9458	222.61	3.56	16	discard	[latv2] EDG-416 r1: unlabelled dt0 infra->affected trace audit @16 | discarded: F1 below historical best (0.9458 vs 1.0000, epsilon=0.0001)
20260510T160129Z	a24b6a531ea40868ab90da66933d39100403de51871b8fecf427a96c926c2a97	Edge-Triage-gemma-4-E4B-it-Q3_K_M.gguf	0.9081	252.03	3.57	16	discard	[latv2] EDG-418 r1: unlabelled dt0 rescue strict-probe trace audit @16 | discarded: F1 below historical best (0.9081 vs 1.0000, epsilon=0.0001)
20260510T180140Z	9f716b07055588afc7de491d5cf49a98f63d84eff1a53038edb953e185bcc47a	Edge-Triage-gemma-4-E4B-it-Q3_K_M.gguf	0.9081	249.30	3.57	16	discard	[latv2] EDG-420 r1: unlabelled dt0 rescue infra-fallback gate audit @16 | discarded: F1 below historical best (0.9081 vs 1.0000, epsilon=0.0001)
20260510T220143Z	5ad913bcd73047d8da8efc2a62e4d55d533e909ff648dec458f3f5378aa53d7e	Edge-Triage-gemma-4-E4B-it-Q3_K_M.gguf	0.9458	402.29	3.57	16	discard	[latv2] EDG-424 r1b: unlabelled dt0 rescue fallback policy infra_only @16 | discarded: F1 below historical best (0.9458 vs 1.0000, epsilon=0.0001)
20260510T220143Z	1bf65cc9e7c73f0621ba415859ad9e644133c0115ce2388300f3162f3c050324	Edge-Triage-gemma-4-E4B-it-Q3_K_M.gguf	0.9081	402.86	3.57	16	discard	[latv2] EDG-424 r1a: unlabelled dt0 rescue fallback policy baseline @16 | discarded: F1 below historical best (0.9081 vs 1.0000, epsilon=0.0001)
20260511T100240Z	0a9ab0f4e1720d8062daa364cd90ca42aabf3c1ef8c703081b7433347504363f	Edge-Triage-gemma-4-E4B-it-Q3_K_M.gguf	1.0000	279.29	3.58	16	keep	[latv2] Benchmark completed and metrics persisted.
20260511T120047Z	0a9ab0f4e1720d8062daa364cd90ca42aabf3c1ef8c703081b7433347504363f	Edge-Triage-gemma-4-E4B-it-Q3_K_M.gguf	1.0000	276.67	3.58	16	keep	[latv2] Benchmark completed and metrics persisted.
20260511T120055Z	0a9ab0f4e1720d8062daa364cd90ca42aabf3c1ef8c703081b7433347504363f	Edge-Triage-gemma-4-E4B-it-Q3_K_M.gguf	1.0000	273.95	3.58	16	keep	[latv2] Benchmark completed and metrics persisted.
20260511T120103Z	0a9ab0f4e1720d8062daa364cd90ca42aabf3c1ef8c703081b7433347504363f	Edge-Triage-gemma-4-E4B-it-Q3_K_M.gguf	1.0000	284.32	3.58	16	discard	[latv2] Benchmark completed and metrics persisted. | discarded: same-F1 band but slower latency (284.32 ms vs best 273.95 ms, epsilon=3.00 ms)
20260511T140059Z	0a9ab0f4e1720d8062daa364cd90ca42aabf3c1ef8c703081b7433347504363f	Edge-Triage-gemma-4-E4B-it-Q3_K_M.gguf	0.9374	185.64	3.70	50	discard	[latv2] Benchmark completed and metrics persisted. | discarded: F1 below historical best (0.9374 vs 1.0000, epsilon=0.0001)
20260511T140127Z	602820bdf74d5fbe92e05069bdada7200717b3a9af8edc9965d838e588c3d524	Edge-Triage-gemma-4-E4B-it-Q3_K_M.gguf	0.9374	186.82	3.70	50	discard	[latv2] Benchmark completed and metrics persisted. | discarded: F1 below historical best (0.9374 vs 1.0000, epsilon=0.0001)
20260511T160149Z	c33568e1e0bb5764f254226e71554df70d2502da390da61bbccbaf04d4796efb	Edge-Triage-gemma-4-E4B-it-Q3_K_M.gguf	0.9374	228.91	3.74	50	discard	[latv2] Benchmark completed and metrics persisted. | discarded: F1 below historical best (0.9374 vs 1.0000, epsilon=0.0001)
20260511T180152Z	3b372dfbe6530daad8e36e360dce8195b6dfe2667c77a13505ca24dcb7228628	Edge-Triage-gemma-4-E4B-it-Q3_K_M.gguf	0.9374	250.90	3.77	50	discard	[latv2] EDG-436 r1: other_dt0 metadata strict-probe full-mm confirmation @64 | discarded: F1 below historical best (0.9374 vs 1.0000, epsilon=0.0001)
20260511T200150Z	103dc07980a7a378f7823e7777c36279f0e482a69521c269252ae864ba883ac2	Edge-Triage-gemma-4-E4B-it-Q3_K_M.gguf	0.9374	199.96	3.71	50	discard	[latv2] Benchmark completed and metrics persisted. | discarded: F1 below historical best (0.9374 vs 1.0000, epsilon=0.0001)
20260511T200223Z	76c492d7bf432b644d29880d94255d3e421895ea7bc0332c994da4e327131106	Edge-Triage-gemma-4-E4B-it-Q3_K_M.gguf	0.9192	184.71	3.69	50	discard	[latv2] Benchmark completed and metrics persisted. | discarded: F1 below historical best (0.9192 vs 1.0000, epsilon=0.0001)
20260512T100131Z	7e8253aded0b47d2f3645397f1209b191184b8e06f3f0c51baf5ebf7e7a36c1b	Edge-Triage-gemma-4-E4B-it-Q3_K_M.gguf	0.8816	245.69	3.74	50	discard	[latv2] Benchmark completed and metrics persisted. | discarded: F1 below historical best (0.8816 vs 1.0000, epsilon=0.0001)
20260512T100348Z	d495efc4fcd03a0d12aa1d0578eb8c2784616fc3fb6d3a3ece5c39a03953d654	Edge-Triage-gemma-4-E4B-it-Q3_K_M.gguf	0.8816	262.85	3.77	50	discard	[latv2] Benchmark completed and metrics persisted. | discarded: F1 below historical best (0.8816 vs 1.0000, epsilon=0.0001)
20260512T140244Z	ab0e4f6e2d12c699908c15da541f3616e4fefbeaef2c341e3cfd6c6f3600d3cb	Edge-Triage-gemma-4-E4B-it-Q3_K_M.gguf	0.8847	247.44	3.74	50	discard	[latv2] EDG-448 r1: severe dt0 rescue guard prompt variant | discarded: F1 below historical best (0.8847 vs 1.0000, epsilon=0.0001)
20260512T180208Z	8f4f1ac51c6601fc2cf9e2d45d54e2f1e6d29d10ff10c22f163e98a0cf1aec59	Edge-Triage-gemma-4-E4B-it-Q3_K_M.gguf	0.9233	250.41	3.74	50	discard	[latv2] EDG-452 r1: strict severe dt0 rescue guard prompt variant | discarded: F1 below historical best (0.9233 vs 1.0000, epsilon=0.0001)
20260512T200108Z	dd73641d38e10c1c3a3c5c4ef96e60303600398d7e7d6b428856f5a2a0e29dba	Edge-Triage-gemma-4-E4B-it-Q3_K_M.gguf	0.8712	275.93	3.74	50	discard	[latv2] EDG-454 r1: strict severe dt0 + targeted probe prompt v3 | discarded: F1 below historical best (0.8712 vs 1.0000, epsilon=0.0001)
20260512T220212Z	89f461c767ea4ad4444d3aaaa3cff9d4062ecab72682a71dc6e57dbe882a39f0	Edge-Triage-gemma-4-E4B-it-Q3_K_M.gguf	0.9374	170.66	3.67	50	discard	[latv2] EDG-456 r1: severe dt0 rescue demotion gate | discarded: F1 below historical best (0.9374 vs 1.0000, epsilon=0.0001)
20260513T080130Z	4b4746cb2423e9ba7f815c596f7e990aae9b6c508c01849f0eb284bf4c4c20a4	Edge-Triage-gemma-4-E4B-it-Q3_K_M.gguf	0.9233	248.57	3.74	50	discard	[latv2] EDG-461 r1: escalate other_dt0 to full-mm budget2 | discarded: F1 below historical best (0.9233 vs 1.0000, epsilon=0.0001)
20260513T120109Z	0e47dedc7fdaff724b25d809c5d345117799958ab83f462b9c537d6369b03356	Edge-Triage-gemma-4-E4B-it-Q3_K_M.gguf	0.9374	242.60	3.74	50	discard	[latv2] EDG-463 r1: strict-confirm other_dt0 metadata shortcut + full-mm budget2 | discarded: F1 below historical best (0.9374 vs 1.0000, epsilon=0.0001)
20260513T140038Z	8085d087428f0db3559430ccbf0c0eb506387f60d96335ba662b951c30ef15fb	Edge-Triage-gemma-4-E4B-it-Q3_K_M.gguf	0.9374	241.43	3.74	50	discard	[latv2] EDG-464 r1: strict-confirm other_dt0 + escalation budget1 priority38 | discarded: F1 below historical best (0.9374 vs 1.0000, epsilon=0.0001)
20260513T140128Z	8085d087428f0db3559430ccbf0c0eb506387f60d96335ba662b951c30ef15fb	Edge-Triage-gemma-4-E4B-it-Q3_K_M.gguf	0.9233	313.46	3.81	50	discard	[latv2] EDG-464 r2: strict-probe no-path now allows priority escalation | discarded: F1 below historical best (0.9233 vs 1.0000, epsilon=0.0001)
20260513T140203Z	8085d087428f0db3559430ccbf0c0eb506387f60d96335ba662b951c30ef15fb	Edge-Triage-gemma-4-E4B-it-Q3_K_M.gguf	0.9233	318.52	3.82	50	discard	[latv2] EDG-464 r3: strict-probe no-path priority-only escalation | discarded: F1 below historical best (0.9233 vs 1.0000, epsilon=0.0001)
20260513T140242Z	3fbb75c15ee649ea53099f7cf9fcb80e354294299b8503ebbce03bea1dbc4149	Edge-Triage-gemma-4-E4B-it-Q3_K_M.gguf	0.9374	237.22	3.74	50	discard	[latv2] EDG-464 r4: priority-only strict-no escalation via explicit image ids | discarded: F1 below historical best (0.9374 vs 1.0000, epsilon=0.0001)
20260513T140317Z	3fbb75c15ee649ea53099f7cf9fcb80e354294299b8503ebbce03bea1dbc4149	Edge-Triage-gemma-4-E4B-it-Q3_K_M.gguf	0.7613	239.36	3.74	50	discard	[latv2] EDG-464 r5: priority escalation token supports image_id | discarded: F1 below historical best (0.7613 vs 1.0000, epsilon=0.0001)
20260513T140340Z	3fbb75c15ee649ea53099f7cf9fcb80e354294299b8503ebbce03bea1dbc4149	Edge-Triage-gemma-4-E4B-it-Q3_K_M.gguf	1.0000	419.69	3.51	5	discard	[latv2] EDG-464 smoke: sample_image_id wiring | discarded: same-F1 band but slower latency (419.69 ms vs best 273.95 ms, epsilon=3.00 ms)
20260513T160055Z	3fbb75c15ee649ea53099f7cf9fcb80e354294299b8503ebbce03bea1dbc4149	Edge-Triage-gemma-4-E4B-it-Q3_K_M.gguf	0.9374	238.46	3.74	50	discard	[latv2] EDG-466 r1: post-fix full50 strict-no priority escalation by image id | discarded: F1 below historical best (0.9374 vs 1.0000, epsilon=0.0001)
20260513T160210Z	3fbb75c15ee649ea53099f7cf9fcb80e354294299b8503ebbce03bea1dbc4149	Edge-Triage-gemma-4-E4B-it-Q3_K_M.gguf	0.9374	242.35	3.74	50	discard	[latv2] EDG-466 r2: trace priority escalation fields for other_dt0 strict-no | discarded: F1 below historical best (0.9374 vs 1.0000, epsilon=0.0001)
20260513T160250Z	3fbb75c15ee649ea53099f7cf9fcb80e354294299b8503ebbce03bea1dbc4149	Edge-Triage-gemma-4-E4B-it-Q3_K_M.gguf	0.9388	241.76	3.75	50	discard	[latv2] EDG-466 r3: include image_id in metadata for priority escalation match | discarded: F1 below historical best (0.9388 vs 1.0000, epsilon=0.0001)
20260513T180116Z	5330eedcc3fd829449dd01957eb3d054c976cfd133355d5a58e92cb328e8ff58	Edge-Triage-gemma-4-E4B-it-Q3_K_M.gguf	0.9594	243.19	3.74	50	discard	[latv2] EDG-468 r1: promote priority severe other_dt0 rescue->affected post full-mm | discarded: F1 below historical best (0.9594 vs 1.0000, epsilon=0.0001)
20260514T100052Z	e22075d2f2006219072f1bb32b0d7360df21a9a2234b1638911a337dfcb55a5a	Edge-Triage-gemma-4-E4B-it-Q3_K_M.gguf	0.9798	286.26	3.79	50	discard	[latv2] EDG-478 r1: run EDG-472 combined priority calibrations on full50 | discarded: F1 below historical best (0.9798 vs 1.0000, epsilon=0.0001)
20260514T124003Z	5ea27dabee8a2669bd4c3a7328ae4b41873242ae94ef3921b0aa3a84cf95ceb7	Edge-Triage-gemma-4-E4B-it-Q3_K_M.gguf	0.9594	260.33	3.75	50	discard	[latv2] EDG-479 r1: other_dt0 priority only full50 | discarded: F1 below historical best (0.9594 vs 1.0000, epsilon=0.0001)
20260514T124036Z	932298bdbc82d729bd9a6094c24a5ba1612efb0d31c41b64a307ab6799103878	Edge-Triage-gemma-4-E4B-it-Q3_K_M.gguf	0.9595	214.79	3.72	50	discard	[latv2] EDG-479 r2: none_dt5 priority only full50 | discarded: F1 below historical best (0.9595 vs 1.0000, epsilon=0.0001)
20260515T093535Z	28f9a83d0bbf830fe055de2a48f23f84b716f207ffb7529f09e1662bd095b596	Edge-Triage-gemma-4-E4B-it-Q3_K_M.gguf	0.9657	239.32	3.75	50	discard	[latv2] EDG-480 r1: dt5 demotion without other_dt0 rescue promotion; incomplete env | discarded: F1 below historical best (0.9657 vs 1.0000, epsilon=0.0001)
20260515T093558Z	3ba78a5ba59ddc3602cf058a28877210890bf2386166dddf3a46832198af26c8	Edge-Triage-gemma-4-E4B-it-Q3_K_M.gguf	0.9818	237.97	3.75	50	discard	[latv2] EDG-480 r2: combined EDG-478 calibrations plus narrow ASONAM2017_44 dt5 demotion | discarded: F1 below historical best (0.9818 vs 1.0000, epsilon=0.0001)
